,Historical,Variance-Covariance,RiskMetrics,CCC-GARCH,Copula-GARCH Student,Copula-GARCH Gaussian,Copula-GARCH Plackett,Copula-GARCH Clayton,Copula-GARCH Rotated Clayton,Copula-GARCH SJC,Copula-GARCH Frank,Copula-GARCH Gumbel,Copula-GARCH Rotated Gumbel,Copula-MSM Student,Copula-MSM Gaussian,Copula-MSM Plackett,Copula-MSM Clayton
2013-10-17,-1.894145234001328,-1.8287381410863937,-1.9108400666793213,-1.5740495107202557,-1.5740515067288992,-1.5740281763761492,-1.562748529530033,-1.5844875920549342,-1.470044164418996,-1.5647643790347794,-1.5719287397377368,-1.554902631225191,-1.5814321471774406,-1.6445738795961389,-1.6451036906392131,-1.6355359827776763,-1.657394124652036
2013-10-18,-1.894145234001328,-1.8276416653601253,-1.8707109624979392,-1.516936798133288,-1.5169331836246769,-1.5169114848423404,-1.5060142751538983,-1.5270160143327636,-1.4168326226909251,-1.5077161558589625,-1.5148752832832313,-1.4985254474084284,-1.524069347289075,-1.59455392925373,-1.5950782974047724,-1.5856136860684955,-1.6073674944473402
2013-10-21,-1.894145234001328,-1.8275484893168343,-1.8565291400927484,-1.5092143482777916,-1.509214181618467,-1.509195610025884,-1.4983506791695942,-1.5192482654203672,-1.4095751953989637,-1.5003531497592972,-1.5059079852057338,-1.490877573453848,-1.5163120203408516,-1.626069564616495,-1.626555650561885,-1.6168262195461909,-1.6394335806932043
2013-10-22,-1.8854469525436857,-1.8124989854300095,-1.8002477789252809,-1.4324906017244845,-1.4325386827489968,-1.43250080022614,-1.422303736698735,-1.4422319106198662,-1.3370107872587436,-1.4239095627718474,-1.440223800625298,-1.4149388807493464,-1.439409067799871,-1.5127708219543388,-1.5150123067024113,-1.5104284713619671,-1.5263377877923148
2013-10-23,-1.8854469525436857,-1.8113725112760797,-1.7531038691477734,-1.3749545880131422,-1.3750041833508948,-1.3749670169273418,-1.3650999447283958,-1.3843957180512312,-1.282619236665917,-1.366840951601336,-1.3768551941546976,-1.3579497714058908,-1.3816567896675014,-1.4369665843299038,-1.438792646050872,-1.4353235044224897,-1.4497249285058629
2013-10-24,-1.8854469525436857,-1.811684113289184,-1.7127541072922663,-1.3459675398354616,-1.346010542827942,-1.345975824985685,-1.336327533356274,-1.355172168528692,-1.255677563262513,-1.3380258473487812,-1.347032646592105,-1.3293591577092465,-1.3524972629451166,-1.4116763418273552,-1.413498856356003,-1.4101841855648605,-1.4240387305498488
2013-10-25,-1.8854469525436857,-1.811745470766749,-1.6700981475592809,-1.2937580412427727,-1.293794618012628,-1.2937638023871656,-1.284475702894452,-1.3025816298733888,-1.2069986590909734,-1.2860212501110666,-1.2889165314269662,-1.277813796515331,-1.3000173648874964,-1.298415404222159,-1.2990679297701546,-1.293853501673433,-1.3083232591727938
2013-10-28,-1.8854469525436857,-1.810711544689512,-1.6273080636444286,-1.2452436459105902,-1.2452856731162747,-1.2452507071830048,-1.2363036831061205,-1.2537085429178945,-1.1618741534905817,-1.237513285171462,-1.2519587612173957,-1.2299474426052552,-1.2512556449847023,-1.2540813320957775,-1.2559794608908412,-1.2540057218587506,-1.2652138443037555
2013-10-29,-1.8854469525436857,-1.809200831653944,-1.5777670676304063,-1.1917759303095488,-1.191808337663348,-1.1917799042752153,-1.1831135458070312,-1.1998858122288345,-1.1117355185096167,-1.1842812215892082,-1.1931454711943257,-1.1770674289224343,-1.1975296032736384,-1.1632246763377945,-1.164980855824186,-1.1631150884539718,-1.1736441100068082
2013-10-30,-1.8854469525436857,-1.808546345357352,-1.5396243943826522,-1.1561676508790522,-1.1561904415722328,-1.1561700263262802,-1.147630526982002,-1.1640471036948206,-1.078146749158477,-1.148984104332469,-1.162446734191363,-1.1418036398787563,-1.1617491761586642,-1.1053465922700758,-1.1059440929554742,-1.1025598434874493,-1.113802198571594
2013-10-31,-1.8854469525436857,-1.8082851376348328,-1.5073481868325798,-1.1537386832942813,-1.153764788286792,-1.1537401512704863,-1.145259043073768,-1.1616210144404675,-1.0758113000438532,-1.1465194725585952,-1.1524792818432803,-1.1393916864592566,-1.1593248131541456,-1.0977688277156312,-1.098433998348489,-1.095022449743713,-1.105838742260436
2013-11-01,-1.8854469525436857,-1.8087728707218436,-1.4675121477084956,-1.1290230718847227,-1.1290422017122912,-1.1290238860908266,-1.120679290492849,-1.1367229956103264,-1.0526673682736387,-1.121891139937342,-1.1351560747687748,-1.114963130990159,-1.1344739715869196,-1.0688240223761083,-1.0694279582497803,-1.0658815333191087,-1.0765980408980949
2013-11-04,-1.8854469525436857,-1.8088700357199348,-1.4245453125420589,-1.0867120781498565,-1.0867253245256154,-1.086712885830011,-1.078601613999,-1.0941277908834697,-1.0129933944189542,-1.07990634640869,-1.0926090524245655,-1.0731253976964807,-1.0919542465985748,-0.970110481006666,-0.970610537922298,-0.9670339909871464,-0.9771612328590872
2013-11-05,-1.8854469525436857,-1.8059386842175515,-1.388885219888481,-1.0544930999740048,-1.0545291487609252,-1.0545005584347615,-1.0467657292142605,-1.0617849921027402,-0.982983148750259,-1.0478199893304188,-1.0603403328340542,-1.0413848347214707,-1.059670183562185,-1.0663989766227544,-1.067835884433914,-1.065399388611389,-1.0759536522352078
2013-11-06,-1.8854469525436857,-1.8054646196440336,-1.34716434237208,-1.0259029814473597,-1.0259250030595164,-1.025907812680254,-1.018273397490311,-1.0329872149910055,-0.9560560833019396,-1.0194910011070588,-1.0315988706741277,-1.0130603743147466,-1.0309220672457782,-1.047000599674376,-1.048415453947621,-1.0458722073147166,-1.0564231916430673
2013-11-07,-1.8854469525436857,-1.805688754673932,-1.306908262117383,-1.003977163171477,-1.003997877755877,-1.0039810895842256,-0.9964917469007706,-1.0109208515937902,-0.935611487821126,-0.997632905432956,-1.0045433453369494,-0.9914146224490876,-1.0088973909392998,-1.0414509605140954,-1.04291137733475,-1.0402300709396566,-1.050775352452763
2013-11-08,-1.86637739264516,-1.8048021517856263,-1.4256089549414306,-1.3057856174511286,-1.305800064887843,-1.305786788297465,-1.2962697455285308,-1.3144692112724732,-1.2194552960371994,-1.2978386121069656,-1.3126255943913565,-1.2898947335316444,-1.3119215038956522,-1.3573544311876446,-1.3593008537305256,-1.356655366196935,-1.3690951006305816
2013-11-11,-1.86637739264516,-1.8043593871525263,-1.502606770872094,-1.4229903470707357,-1.423015529351368,-1.4229905529326654,-1.4127622118054852,-1.432358227890673,-1.330206593459248,-1.414272942021484,-1.4198970047494517,-1.4060080632335132,-1.429621972278471,-1.539384074014024,-1.5416785397850974,-1.5372001845027905,-1.552838882022067
2013-11-12,-1.86637739264516,-1.801957754422816,-1.4569356636428357,-1.3523990987756251,-1.3524079081554243,-1.352396388745666,-1.3425958160338127,-1.361295621923517,-1.2640267424156897,-1.3440988224432155,-1.351640069774367,-1.3362142171242368,-1.3586668748893649,-1.394330107653889,-1.3952021298831472,-1.3906676673728346,-1.4050771786757248
2013-11-13,-1.86637739264516,-1.801447831072701,-1.4133379432891389,-1.2949408290527051,-1.2949511725353429,-1.2949376310080507,-1.285527868732534,-1.303482836470688,-1.210032099067453,-1.2868811859870593,-1.3014507956764532,-1.279399655345103,-1.3009584502270364,-1.2760869841399252,-1.2779009731015014,-1.2758885959604116,-1.2870752709026574
2013-11-14,-1.8420868624214612,-1.792958647258157,-1.4262792334651744,-1.3115067096630213,-1.311520200023126,-1.3115072651719786,-1.3019674310963922,-1.320148655264753,-1.225505554568293,-1.303118573585102,-1.3181075461900076,-1.2957530835704378,-1.317597676763077,-1.3735873542174404,-1.375690672365388,-1.3729948929679054,-1.3854411586932631
2013-11-15,-1.8420868624214612,-1.7929109420693252,-1.3892632650603804,-1.260421185820703,-1.260430860896156,-1.2604192997448478,-1.251183386199789,-1.2687749992675912,-1.1773350107851412,-1.2525721849335358,-1.2668281420046563,-1.2451844194916823,-1.2663026449519283,-1.277217467230629,-1.27915586849589,-1.2771186786707698,-1.2883488754739711
2013-11-18,-1.8420868624214612,-1.7913640332449727,-1.3554733517155615,-1.213060514350094,-1.213069183042415,-1.2130567215535086,-1.2041573761794142,-1.2211271288339909,-1.132846343332634,-1.2053579867790156,-1.2192427255831046,-1.198360347098345,-1.2187411326827549,-1.2003884168777192,-1.2020914063900183,-1.2002242137752892,-1.2109552787745737
2013-11-19,-1.8420868624214612,-1.7893122865614348,-1.3400426537196364,-1.2254747570666462,-1.225490308805829,-1.2254800164766522,-1.216511494356331,-1.2335976120027543,-1.1447513778488572,-1.2175006139870914,-1.2317132752270767,-1.2106469631464465,-1.2312016606952214,-1.250492471442267,-1.2523090076747236,-1.24997478428683,-1.2613264225181666
2013-11-20,-1.8420868624214612,-1.789669944807939,-1.3057842817030307,-1.1923684384792006,-1.1923814121619425,-1.1923712603547836,-1.1836270310731474,-1.2002750873913273,-1.11374922136994,-1.1847651913107748,-1.198438930324788,-1.1779279056958556,-1.1979418060903817,-1.1976584057367357,-1.1993186636133046,-1.1970017682426752,-1.2079779865811464
2013-11-21,-1.8420868624214612,-1.7894692971718396,-1.2722711562315057,-1.1629699046017283,-1.162980193680324,-1.1629706757168197,-1.1543789589994011,-1.1707055261679298,-1.0860038250447994,-1.1557628653767105,-1.1623907459481573,-1.1488271748348693,-1.168421512003048,-1.1579071496483608,-1.159528418249981,-1.1571773640324878,-1.1679828915855557
2013-11-22,-1.8420868624214612,-1.785332776978512,-1.2991214125414867,-1.2048898302421267,-1.204895432519355,-1.2048862508696043,-1.195996378307192,-1.2128656512228424,-1.1253469452414864,-1.1971163499022637,-1.2021495795601624,-1.190255894128579,-1.2105103720044743,-1.2636845759544306,-1.26540042741943,-1.2628685851691126,-1.274507403903915
2013-11-25,-1.8420868624214612,-1.7848155514700972,-1.2775160940441852,-1.1737640175707118,-1.1737704641703124,-1.1737611102023435,-1.165058262233501,-1.181547449768443,-1.096104473682154,-1.1663910845003151,-1.1710558375223177,-1.1594837449233928,-1.1792505487728244,-1.2174805755916875,-1.2191770594483655,-1.216843782334886,-1.228033648449406
2013-11-26,-1.8420868624214612,-1.781960786449774,-1.2386443198878534,-1.1311205371300856,-1.1311375467835851,-1.1311275128709997,-1.1227324742864475,-1.1386686087505271,-1.056041640432109,-1.1235804121928228,-1.1305242595271296,-1.117326047687467,-1.1364434044258516,-1.139212185042331,-1.1407871961614404,-1.1384513530478066,-1.1491884431951165
2013-11-27,-1.8420868624214612,-1.7787865965862637,-1.2068490851896327,-1.0974962727335815,-1.0975096007834524,-1.097501530062431,-1.089337543414332,-1.104865955524584,-1.0244445785295182,-1.090193646270794,-1.0971220390618963,-1.0840699344502267,-1.1026880109502837,-1.1103203756276172,-1.1118135918426613,-1.109126841063276,-1.1201936755423585
2013-11-29,-1.8420868624214612,-1.7786005130960243,-1.1846070143284129,-1.0737914805201858,-1.0738021368329522,-1.073794543785808,-1.0658044593416132,-1.0810030181782604,-1.002399389745801,-1.0664468752226155,-1.072141779988374,-1.0606736378011885,-1.0788699351406617,-1.1033923193067825,-1.1049026454295523,-1.1021171929686684,-1.1132095900517214
2013-12-02,-1.8420868624214612,-1.7786272382318542,-1.1500557229359114,-1.0408116866427035,-1.0408180308740156,-1.0408122079161246,-1.0330242161249994,-1.047847901137578,-0.9712922576387216,-1.033505920377822,-1.0418941444865055,-1.0280200218990885,-1.0457630414311088,-1.0710266520607974,-1.072501803536832,-1.0696903247075693,-1.0806422581540442
2013-12-03,-1.8420868624214612,-1.7766686520971633,-1.122294892300307,-1.0308264642454428,-1.030854614508536,-1.0308472490153031,-1.023180757897865,-1.0378371691561692,-0.9619327914733804,-1.023958507590068,-1.036335006965733,-1.0181809874984644,-1.0357673835623278,-1.0439437552635182,-1.0454048126071014,-1.042907884819393,-1.0531419083528766
2013-12-04,-1.8420868624214612,-1.777204483965565,-1.0931215683579454,-1.0136045112059229,-1.0136264343711596,-1.013619631107962,-1.0060311316045072,-1.020523421717826,-0.9455423383166696,-1.0066553945723278,-1.012178840516203,-1.0010971141536846,-1.0184780907728643,-1.058070329572431,-1.0596159054579872,-1.0567663615060603,-1.0677792633063992
2013-12-05,-1.8420868624214612,-1.775673400026904,-1.060054941589979,-0.9843014891099516,-0.984322337339224,-0.9843126725203182,-0.976924376461545,-0.991040205101593,-0.9179639163279346,-0.977458674566994,-0.9895986992058696,-0.9721148045145128,-0.9890435162649944,-0.9988310359945606,-1.000351920421828,-0.9978075977716028,-1.0078130977682127
2013-12-06,-1.8420868624214612,-1.7761955731789971,-1.0338160370255014,-0.978939800724696,-0.97895621335922,-0.9789482174035458,-0.9715414301680104,-0.9856788681864562,-0.9125763377409076,-0.9721962219898284,-0.98430201666941,-0.9667223049475268,-0.9836810405916038,-1.037624295579611,-1.0392829630061555,-1.0364113989509804,-1.0475103922087203
2013-12-09,-1.8420868624214612,-1.7757093380952436,-1.068848114633187,-1.046964919075713,-1.0469785792493462,-1.046970436016751,-1.0390046923916227,-1.0542411284524549,-0.9753901242103356,-1.0398947746789082,-1.0528285111359013,-1.0337659299648834,-1.0520813465299288,-1.1235390599388004,-1.1252129581923116,-1.122631313785787,-1.1339993956449337
2013-12-10,-1.8420868624214612,-1.7752967131484445,-1.0384789772386682,-1.0086174129978431,-1.0086288236701713,-1.0086191569197736,-1.000949352166418,-1.0156480444221965,-0.939485527978934,-1.0020172239104308,-1.01428425341969,-0.9958612416194752,-1.0135642709919417,-1.0654145646736397,-1.0670416789895545,-1.0645043557768186,-1.0753843638398368
2013-12-11,-1.8420868624214612,-1.775944600114088,-1.0123128927652696,-0.9921416900916106,-0.992152371071464,-0.9921404893573535,-0.9846202216710748,-0.9990610853257867,-0.924073247239771,-0.9862409963366237,-0.9925639330175494,-0.9795970445735136,-0.9970130543933108,-1.0560967349130124,-1.0578773255438416,-1.0553142644135234,-1.066170399971068
2013-12-12,-1.8420868624214612,-1.7777812186275503,-1.1072100065518775,-1.1883472698207966,-1.188352631429122,-1.188342991895337,-1.1794243787797092,-1.196463266029717,-1.1083282080314525,-1.1817736831116787,-1.1881988958674177,-1.1735830447400053,-1.19405655931731,-1.2313814817440885,-1.2321302676816306,-1.2277998285526377,-1.2411649555903068
2013-12-13,-1.8420868624214612,-1.7784040954534526,-1.0784427563640206,-1.153773268568648,-1.1537766280315258,-1.153767089017927,-1.1450377941384426,-1.161674555178771,-1.0758056837429186,-1.147144533663479,-1.1522042412234448,-1.1393705485625636,-1.1593290691263305,-1.1815143473977274,-1.1833872582135407,-1.181390289460471,-1.1923248739884431
2013-12-16,-1.8420868624214612,-1.7783529056198517,-1.0456464027470993,-1.1065120946794509,-1.106516235401731,-1.106504980131507,-1.098145622235725,-1.1141085631017076,-1.0315194143467297,-1.1001157558712424,-1.1125833252216657,-1.092664505090742,-1.1118568265514936,-1.110935257501216,-1.112736465863981,-1.1105439968651734,-1.121173465664543
2013-12-17,-1.8239569256713264,-1.772124615934666,-1.049158219897308,-1.1021018175041433,-1.1020994905905386,-1.1020898803495405,-1.0937883385973215,-1.1096992223655409,-1.0272701284200496,-1.0954625346447966,-1.1081884824984785,-1.0882815708650118,-1.1074491836104994,-1.1287221801032008,-1.130533185900918,-1.128398308714992,-1.1393580380051287
2013-12-18,-1.8239569256713264,-1.770286317021739,-1.021329314921058,-1.0733937810578125,-1.0733866353303854,-1.0733763214967105,-1.0652529374603923,-1.080804776238143,-1.000276427997856,-1.0668952808977763,-1.0731156904310544,-1.0598741510306204,-1.078608077841246,-1.087521252625417,-1.089251057492414,-1.0873589528151313,-1.0980944313743404
2013-12-19,-1.8239569256713264,-1.7704136048976862,-1.1393232478339037,-1.2396938431839697,-1.239693746784598,-1.2396767847010883,-1.2303670913900602,-1.248220750962609,-1.1555742883399456,-1.232331017609953,-1.246543177921827,-1.2241264281975908,-1.245693282313714,-1.3114659264082902,-1.3135647854595125,-1.311112460554225,-1.3237413921097982
2013-12-20,-1.8239569256713264,-1.770890217945225,-1.1068797799392585,-1.1923777346488966,-1.192382546481795,-1.1923627718593917,-1.1833609536125638,-1.2005662996438549,-1.1113446167233811,-1.1852440051359274,-1.1989607382909977,-1.1773912838985063,-1.1981412606745767,-1.2081691315250105,-1.2098636545520651,-1.2077470707777211,-1.2188441754662986
2013-12-23,-1.8239569256713264,-1.770891866764924,-1.1218315319122545,-1.2033414713186736,-1.2033518309619675,-1.2033276613287944,-1.194317041085819,-1.2116505610382464,-1.1214190987054806,-1.1964111376559736,-1.2049958781143153,-1.188208801773106,-1.2091956395431112,-1.252938191779355,-1.2547795171576892,-1.2525957262020002,-1.2640669342501063
2013-12-24,-1.7964181884225194,-1.7604625644955498,-1.134438463579478,-1.2059885363254297,-1.2060142430373146,-1.205992964601876,-1.1969803051445869,-1.214387938373636,-1.1233888129494196,-1.1989260344864432,-1.203718211563406,-1.1907001469091214,-1.211904955325289,-1.2723830854849365,-1.2742005337201778,-1.2718871649946648,-1.2837828866843377
2013-12-26,-1.7964181884225194,-1.7603505125670331,-1.1035783849042264,-1.153595602823857,-1.1536178890333817,-1.153596782427585,-1.144939614180451,-1.1616464038195913,-1.0743810104967262,-1.1468169417948553,-1.1601359536243294,-1.1389393443372946,-1.159268175283391,-1.1776731542396337,-1.1793931453966957,-1.1772420481530868,-1.1882994438145114
2013-12-27,-1.7964181884225194,-1.760357567454767,-1.0807448213514983,-1.1153823488258865,-1.1154030119204392,-1.1153809561395724,-1.1069745997108942,-1.1231717738692548,-1.0388674180926272,-1.1092414942258522,-1.1132587505011704,-1.10124418717327,-1.1208739665696292,-1.1304121275106258,-1.1321066233833073,-1.1298093414993993,-1.140682375084465
2013-12-30,-1.7964181884225194,-1.759689364132505,-1.049427386807387,-1.0802768635380533,-1.0802922472417675,-1.0802731720481251,-1.0720874676942238,-1.0878344144882324,-1.0059050256375153,-1.0739610581986927,-1.0792409758109371,-1.0665060468923069,-1.085599037942637,-1.0847660314522394,-1.086468086051524,-1.084152917530297,-1.0949342999715992
2013-12-31,-1.7964181884225194,-1.7598670306607564,-1.0175710787911976,-1.040155497523822,-1.04017276118866,-1.0401506502726026,-1.0322906538100802,-1.0474528591183154,-0.9683880451583288,-1.0340825667694444,-1.0401283780327375,-1.0268850378203191,-1.045299255922035,-1.0451972473904394,-1.046725075648629,-1.0440612621156702,-1.0547671852702647
2014-01-02,-1.7964181884225194,-1.7599050436819703,-1.0043049890395106,-1.0180547151290316,-1.0180741442497705,-1.0180492360896498,-1.0103890636035795,-1.025186640877105,-0.9478317097867358,-1.0119304510877714,-1.0238434230625002,-1.005090145437562,-1.0230875963849155,-1.047546687604847,-1.0490508411981656,-1.0462026115235996,-1.0570833379304971
2014-01-03,-1.7964181884225194,-1.7602471982686176,-1.0319097412113714,-1.0996961819538686,-1.0997149389961007,-1.0996874587255558,-1.0914667384256005,-1.1073434361486203,-1.0241872489826878,-1.093163107994855,-1.1059200420969797,-1.085759209042122,-1.1050937346508924,-1.1545565651405654,-1.1561454180201367,-1.1534765906667304,-1.1649178384040162
2014-01-06,-1.7964181884225194,-1.7607314654757384,-1.0023342326491322,-1.0646803087897665,-1.0646996744227746,-1.064673408959697,-1.0566482360507403,-1.072116078524734,-0.991365488527679,-1.0582434944564456,-1.0647835184450565,-1.0511373876804635,-1.0699264495151628,-1.0895515266449012,-1.0911054632786965,-1.0885954623034106,-1.0993468425784778
2014-01-07,-1.7863824034000686,-1.753167721238303,-0.981794850853852,-1.0492435690101696,-1.0492671180756106,-1.0492428689634363,-1.0413247416732083,-1.0566602148880846,-0.9766251089818544,-1.0436424161716409,-1.0552594181697148,-1.0357978559302154,-1.054477618451448,-1.0725569512964412,-1.0740833326489676,-1.0715195726596949,-1.0824456794969366
2014-01-08,-1.7863824034000686,-1.752676244038131,-1.0025457248857426,-1.0677306363088668,-1.0677561002208866,-1.0677287940442266,-1.0597003311776778,-1.075222833734521,-0.9941314397466902,-1.061591231052978,-1.068135888033828,-1.0541237493490738,-1.0730190410841047,-1.1198404424422783,-1.1213769074892892,-1.1187063836885225,-1.129897233781405
2014-01-09,-1.77439363978817,-1.747391706384161,-0.973611685311405,-1.028797400893217,-1.0288212132192296,-1.0287951130309567,-1.0210271440154073,-1.0360850823483887,-0.9572968357033396,-1.0235484474812608,-1.0291019467883045,-1.0155342352716792,-1.0339414631580728,-1.065389494551065,-1.0669648157824,-1.0645096572617625,-1.075222153871995
2014-01-10,-1.77439363978817,-1.7474355909936623,-0.9447400930069246,-0.99791092466144,-0.9979317142573894,-0.9979072602231508,-0.990322623380562,-1.004984697035177,-0.9284829213299584,-0.9925331745039594,-0.999735355932066,-0.985029603223604,-1.00290198928031,-1.035860300359278,-1.0373971082647393,-1.0346584966921168,-1.0454344771035498
2014-01-13,-1.77439363978817,-1.7474322417165664,-0.9259701793627204,-0.970688632177039,-0.9707095431924128,-0.9706851561589094,-0.9632574763457636,-0.9775776873060902,-0.9030679115531812,-0.9651807049705154,-0.9682985068426456,-0.9581485033729636,-0.9755491959857092,-1.0223525421989297,-1.0238551580451616,-1.0209501130865486,-1.0317782215562867
2014-01-14,-1.77439363978817,-1.749899002065201,-1.05457104888107,-1.2122223495365478,-1.2122465091007475,-1.2122174933781968,-1.2031254285889383,-1.2206343490156524,-1.1295949255281736,-1.205554460945701,-1.213148993485735,-1.1969362982730956,-1.218154611650209,-1.2500526237632414,-1.250746261893402,-1.2461012209853046,-1.2599791124679776
2014-01-15,-1.77439363978817,-1.7486133343261336,-1.163536698848978,-1.3286821883327995,-1.3286934744475185,-1.3286659584049605,-1.318785399537482,-1.337763097246997,-1.239397842953462,-1.3211158090755304,-1.32721527416033,-1.3121878752245766,-1.3350786928468643,-1.426137287214382,-1.4280986750352227,-1.4244144408556223,-1.438554315271551
2014-01-16,-1.77439363978817,-1.7485637860047765,-1.1569197658814072,-1.2923653245632991,-1.2923836194421363,-1.292354427770267,-1.2827545908660076,-1.3012072738193372,-1.2054711178452433,-1.2853049303183255,-1.2920615842575405,-1.2763305769762343,-1.2985978445083497,-1.367300078980256,-1.369234145779728,-1.3661903751929163,-1.379217559249888
2014-01-17,-1.77439363978817,-1.745004961921751,-1.1217110688607603,-1.2333107800139582,-1.233362310062431,-1.2333377206518952,-1.2241082562414658,-1.241854976038331,-1.1499573709875712,-1.2263807966925928,-1.2335242156479531,-1.2179389001254477,-1.2393451710271293,-1.2547485446830675,-1.256587403128756,-1.2541105878093404,-1.265916160372052
2014-01-21,-1.77439363978817,-1.7458683234396934,-1.102282438511691,-1.209640294541591,-1.2096898144211312,-1.2096646812417728,-1.2006553456654756,-1.2180367512831776,-1.127947272693524,-1.202864468869546,-1.2163847865877575,-1.194595575906938,-1.215570091515352,-1.2330993588218653,-1.234947368241606,-1.2324849312373802,-1.2441922226945876
2014-01-22,-1.77439363978817,-1.7455801172671384,-1.085564185862646,-1.171279948997947,-1.1713245910751475,-1.1713004979794568,-1.162528274599495,-1.1794182802633812,-1.0920246227011818,-1.1646270505634424,-1.1731410715632773,-1.1566677015610172,-1.1770247596407637,-1.1918421965333548,-1.193570034236726,-1.1909911697245132,-1.202466733240773
2014-01-23,-1.77439363978817,-1.745622254408964,-1.0566472278504648,-1.1248155024008613,-1.124854440886652,-1.1248327602221104,-1.1163369120385154,-1.1326726427774247,-1.0483213430360416,-1.1188618174815146,-1.1311423888455563,-1.110682517806353,-1.1303555063933668,-1.1296942015048277,-1.131343565088919,-1.1287802138804497,-1.1399538500552215
2014-01-24,-1.77439363978817,-1.7469438913546862,-1.0660106936940326,-1.1692130968024503,-1.169251661068351,-1.1692300388383312,-1.1603243772262344,-1.17740067632818,-1.0893231699514068,-1.16251834726143,-1.1694315312251498,-1.1544358517853757,-1.1749917979059603,-1.2020573620010608,-1.2037470353548851,-1.2010399230565518,-1.2129213986096945
2014-01-27,-1.7863824034000686,-1.7522182212392996,-1.3463739564035344,-1.6191074488098938,-1.6191605864612215,-1.6191327516107406,-1.6070512452909431,-1.630116739009859,-1.511129416222399,-1.6095787901714496,-1.6280803632056362,-1.5991869107465992,-1.6268711350447078,-1.6960002127869451,-1.6981010762553643,-1.6898634876267584,-1.7115985370682585
2014-01-28,-1.7863824034000686,-1.7519761214216625,-1.3433226825846778,-1.6026602619895582,-1.6027636473475233,-1.6027382326043316,-1.5907858580170993,-1.6136498648160842,-1.4955964074447343,-1.593379698202592,-1.6029156311956927,-1.5828993410078929,-1.610436615016068,-1.6396853887377747,-1.6419105617884395,-1.6355050161908942,-1.654901935521885
2014-01-29,-1.7863824034000686,-1.7516258946627845,-1.3167681296572384,-1.5228520096573557,-1.522944180248187,-1.5229180965254283,-1.511500141326957,-1.5332707760457454,-1.420931191157272,-1.5137937242267918,-1.4674897185383575,-1.5040449722135956,-1.5302173262582346,-1.5665780185831746,-1.568530699558918,-1.5626451351495017,-1.5804638833554636
2014-01-30,-1.7863824034000686,-1.753602346228951,-1.3493015900814376,-1.562732657923389,-1.5628198622085985,-1.5627919659850704,-1.5511487729746252,-1.573395020553906,-1.4583439535607188,-1.5536198667239784,-1.5714299868628665,-1.5434794337238948,-1.570268701025012,-1.647486417866562,-1.6495762888152183,-1.6425548703966637,-1.6623208637002824
2014-01-31,-1.7863824034000686,-1.7536428749323458,-1.4306454030337876,-1.632010721906952,-1.6320967201941694,-1.6320640775164583,-1.6199944886743525,-1.643048102887568,-1.5235344181303483,-1.622375839822458,-1.6335594199775485,-1.612009802866441,-1.6398094134886414,-1.7199650256661874,-1.7219118599347494,-1.7137555511929137,-1.735174124602226
2014-02-03,-1.7863824034000686,-1.7538566134854547,-1.4051834200600102,-1.574550257059493,-1.574626649917694,-1.5745958812336314,-1.562865502239573,-1.585226797201304,-1.4695258191314926,-1.5651985924349676,-1.576041740552627,-1.5551699931464535,-1.582091336960857,-1.6579082627096144,-1.6599176006107852,-1.652662960789165,-1.672476165355229
2014-02-04,-1.7964181884225194,-1.7605456430087283,-1.6882746048159438,-2.0138958869065844,-2.0139969038711047,-2.013955318276724,-1.9991815191037403,-2.0273953177877906,-1.8814969784776805,-2.002619300543296,-2.014775435235476,-1.9895142601211369,-2.023428671849181,-1.8674281797360264,-1.8692116587473295,-1.8601687688301511,-1.8839762848428605
2014-02-05,-1.7964181884225194,-1.760090745885255,-1.6691445978172257,-1.9171228450514424,-1.9172135643424937,-1.91717014788795,-1.9031920722473956,-1.929979201208033,-1.7909967294480973,-1.9062209396867773,-1.9192739710286304,-1.8939260050735736,-1.926209334241996,-1.773400173260904,-1.7752636994279398,-1.767557097866529,-1.7887651483888711
2014-02-06,-1.7964181884225194,-1.760441855914027,-1.624421244675646,-1.810504326454926,-1.8105954210700157,-1.810556608982122,-1.7972868595126152,-1.8226876303407085,-1.6910737023519802,-1.8004836768978725,-1.8202484813849436,-1.788517859059687,-1.8191103625384597,-1.691433909081218,-1.6933129621366296,-1.6862936456743451,-1.7060526240341622
2014-02-07,-1.7964181884225194,-1.7604091035320693,-1.6454719954595438,-1.793773496966072,-1.793854603064348,-1.7938154964174515,-1.7806374441952826,-1.80586580915806,-1.675111259580811,-1.783458674734288,-1.8034612466406683,-1.7719216417638095,-1.8023147781134268,-1.730949615427784,-1.732775493402472,-1.7250228345756191,-1.7459974985133824
2014-02-10,-1.7964181884225194,-1.7596405797517998,-1.7060900474858878,-1.8367054956395956,-1.836787171870875,-1.8367414348846265,-1.823364094527385,-1.849038118567903,-1.715590584586702,-1.826063924068815,-1.8451420061300667,-1.8144400911622405,-1.8454194715474104,-1.7882753965764235,-1.7901117955908734,-1.7819074483307669,-1.803870461036852
2014-02-11,-1.7964181884225194,-1.7582335845784332,-1.6600489015490203,-1.7268907912387177,-1.7269629295884603,-1.7269192444011174,-1.714338097170324,-1.7385141070449666,-1.6126993804692156,-1.7167943792487796,-1.736135733407653,-1.705899810710923,-1.735101494395418,-1.6803054725366782,-1.6822032886565323,-1.6753120611981531,-1.6948318337938009
2014-02-12,-1.7964181884225194,-1.758054962415667,-1.6656186676879727,-1.701712987954485,-1.7017807677276091,-1.701738582684654,-1.68926446786072,-1.713199209336512,-1.5888273489540894,-1.6922287753181329,-1.6985197998661374,-1.6809371946080254,-1.70982351590015,-1.705894215476011,-1.7077543577095278,-1.7002580219618493,-1.720662145371073
2014-02-13,-1.7964181884225194,-1.7575169234600212,-1.6154693851679414,-1.598953792251816,-1.5990118404822975,-1.5989726716355772,-1.5871749969776512,-1.6097784887904625,-1.492502722175831,-1.589914383698613,-1.607604438772317,-1.5793449958130883,-1.6065949724110966,-1.6240248772082373,-1.624889791956737,-1.6177447159907377,-1.636791685252323
2014-02-14,-1.7964181884225194,-1.7550562698860783,-1.5956097977196682,-1.5435633847870218,-1.5436142831281254,-1.543576894776674,-1.532157806011182,-1.554028448678679,-1.4406826547066347,-1.534446085116664,-1.5519169677682876,-1.524598507576705,-1.5509499148393635,-1.5861327483169287,-1.5870064432223028,-1.5802314595148013,-1.5986451583681018
2014-02-18,-1.7964181884225194,-1.7549742975164304,-1.5510905592808888,-1.4638451209346586,-1.4638852714627228,-1.4638533386355637,-1.4529220932175162,-1.4738090491163345,-1.3657783750762158,-1.4549993600490798,-1.4718429913974702,-1.4457352343267251,-1.470868527699517,-1.487583506848463,-1.488468161960726,-1.4827072435213948,-1.4993772372896423
2014-02-19,-1.7964181884225194,-1.7550379795280435,-1.5122601120292964,-1.394689978368182,-1.3947262708665262,-1.3946968326585576,-1.3842578964099657,-1.4042300151692266,-1.3009125577153855,-1.3864390917316107,-1.3946321380372069,-1.3773531876073688,-1.401410322619976,-1.390760581912979,-1.391649104681984,-1.38704246010877,-1.4017180524918609
2014-02-20,-1.7964181884225194,-1.754427294739704,-1.4959206162122751,-1.38948614165466,-1.389517551891637,-1.389487500543756,-1.3791266427725697,-1.3989793412985445,-1.2960465890043371,-1.3813881945736224,-1.3971212541460742,-1.3722110722421483,-1.3961735261333064,-1.4210792958873253,-1.4219627520809062,-1.4169508676651767,-1.432225249818266
2014-02-21,-1.7863824034000686,-1.7470226886589608,-1.4737088473462263,-1.3446359491035749,-1.3447044588990569,-1.34467380589146,-1.334596849665914,-1.3538846582781852,-1.2538947897652046,-1.3367523947515114,-1.3520821500708506,-1.3278942155227915,-1.351159825661646,-1.4073493339519458,-1.40919559952298,-1.4054260681016388,-1.4196264580336682
2014-02-24,-1.7863824034000686,-1.7474111499662122,-1.4300002618778174,-1.2821419716503386,-1.2822096931903193,-1.282179008388362,-1.2725752380501336,-1.2909935351469526,-1.195471100172287,-1.274769477296747,-1.2819345168255265,-1.2661641722235804,-1.2883851943002076,-1.2965975046254892,-1.2982934244823383,-1.295655328074562,-1.3079351786452398
2014-02-25,-1.7863824034000686,-1.7474133895857646,-1.4112429599711624,-1.2519518181141167,-1.2520144787045984,-1.251984370540116,-1.2425909680055922,-1.2606131529530658,-1.1671347014644768,-1.244498243200068,-1.2589318821731068,-1.23631399516519,-1.2580614762832782,-1.288730562793629,-1.2904181854755,-1.287823203957371,-1.2999921609550946
2014-02-26,-1.7863824034000686,-1.7478324662474285,-1.3692550379938229,-1.1974388225305266,-1.1974987725581987,-1.197468238349842,-1.188469068863228,-1.205759532768166,-1.115976876227788,-1.190301549671136,-1.204148365266788,-1.1824103111951771,-1.2033050962848932,-1.1950986953102964,-1.1966630163056822,-1.1944889744099358,-1.205620140768833
2014-02-27,-1.7863824034000686,-1.7474914725366566,-1.327714962746687,-1.143615039585339,-1.1436878248442104,-1.14365731359746,-1.135073564510166,-1.1515748872239906,-1.0657769540194366,-1.1365992305986707,-1.1437350919381333,-1.129279937467034,-1.1492299833978663,-1.119242943830019,-1.1206966475933824,-1.118439573783631,-1.1291268789042466
2014-02-28,-1.7863824034000686,-1.7470594384704736,-1.3068106741105674,-1.1186729040437022,-1.1187391832995568,-1.1187083122778512,-1.110313235076122,-1.1264731994292274,-1.0423814322440674,-1.1117206781970963,-1.1249987021587886,-1.104622805102793,-1.124179028790534,-1.1201661108835104,-1.1215930370420424,-1.1190903932719998,-1.1300622963255529
2014-03-03,-1.7863824034000686,-1.747259213345029,-1.2670118697079755,-1.079874575420896,-1.079931673008082,-1.079904211782928,-1.0717422797190237,-1.0874657792113185,-1.0058400185631542,-1.0734013423696225,-1.0860734077816712,-1.0662098833253897,-1.085233183617282,-1.083992339961557,-1.0854028798526296,-1.0826797119549634,-1.0936779175172004
2014-03-04,-1.7863824034000686,-1.748320017342454,-1.2630662005758482,-1.1262346395932286,-1.126289073286359,-1.1262611462438394,-1.1177406117544917,-1.1341460808977917,-1.049041584200151,-1.1196266847772918,-1.1327088008001025,-1.1119792008861755,-1.1318197217819388,-1.136045997546026,-1.1367811628740756,-1.1327105990104471,-1.1452155695002175
2014-03-05,-1.7863824034000686,-1.748680383718689,-1.3882350065769125,-1.3430588606401608,-1.3431176833897551,-1.343087257079845,-1.333023115906274,-1.3523756840633292,-1.252254488677609,-1.3353496829542024,-1.339793157285091,-1.3263184497558445,-1.3496328249463605,-1.4556922993268424,-1.4566467626607602,-1.4508196927325832,-1.467207436024243
2014-03-06,-1.7863824034000686,-1.7485451503470857,-1.3462081832781714,-1.2720350609265658,-1.272090313746198,-1.2720603636374297,-1.262520721928577,-1.2809004992157924,-1.1857082231434637,-1.264853017591659,-1.2792555501989042,-1.2561223730054092,-1.278292930053729,-1.315981230025219,-1.3168632358960135,-1.3122505646135731,-1.3265544313249844
2014-03-07,-1.7863824034000686,-1.7471419342460637,-1.305219224550595,-1.2109575269624069,-1.2110062891370053,-1.2109791859935228,-1.201824758958166,-1.2194391001396163,-1.1284340772171346,-1.2041810771126502,-1.217879517126109,-1.1957225271328331,-1.2169407006017865,-1.2114340193510147,-1.2122771476808134,-1.2083601613964174,-1.2211911910177775
2014-03-10,-1.77439363978817,-1.74226784065053,-1.2670212950867437,-1.1630876844635791,-1.1631602939381325,-1.1631368467714194,-1.1542192429155065,-1.171313297372168,-1.083477397890486,-1.156546719032909,-1.1632988156635389,-1.148382918054004,-1.168893786316632,-1.1489321828238084,-1.1496219691181986,-1.145682036560776,-1.1582270149373974
2014-03-11,-1.77439363978817,-1.7420778698549664,-1.2285482128142795,-1.11280764914806,-1.112875189869343,-1.1128513214111042,-1.1043386116452016,-1.120703217225946,-1.036409712998398,-1.1065997023409553,-1.1192740714522285,-1.0987017947899087,-1.118383083511649,-1.0856228268671015,-1.0862906877942091,-1.0825618080588977,-1.094466086682663
2014-03-12,-1.77439363978817,-1.7431857116575902,-1.2130751299689349,-1.123445074912484,-1.1235112992359115,-1.1234871767320371,-1.114921702676642,-1.1314173781578138,-1.0463749366508044,-1.117318609981223,-1.1299575254172751,-1.109212179589236,-1.1290726018730022,-1.1130822695819027,-1.113753830268762,-1.1099106514889092,-1.1221405575289762
2014-03-13,-1.77439363978817,-1.7429302246393723,-1.178940054634963,-1.0797252122538403,-1.0797995196712853,-1.0797754099903378,-1.071515728359293,-1.08740830901591,-1.005611262578412,-1.073707949121285,-1.0798946601882349,-1.066049640784969,-1.0851490227837115,-1.0592819618567366,-1.06066601718261,-1.057757919095702,-1.0686693273819554
2014-03-14,-1.77439363978817,-1.7456790523356265,-1.2609366229987156,-1.2800830152820506,-1.2801651773758116,-1.280139993186559,-1.270460855512829,-1.2890679547757602,-1.1934687755079516,-1.2731221917122535,-1.2873755702373917,-1.2640926081694608,-1.2864187328617882,-1.3187217589236913,-1.3195264881725512,-1.3148210057991006,-1.3293462006767376
2014-03-17,-1.77439363978817,-1.7463661548078966,-1.2292136445123008,-1.23544856758426,-1.2355290264739942,-1.23550284234118,-1.2261999664763323,-1.2441348927049205,-1.151797657511357,-1.2287148527917868,-1.2424857869481027,-1.2200172407968184,-1.2415738038412265,-1.2450450771859598,-1.2458165325106412,-1.2416482382414735,-1.2551572199455088
2014-03-18,-1.77439363978817,-1.7462948807607936,-1.2438105049705737,-1.2511952425268609,-1.2512760953655369,-1.251252461883249,-1.2417402943421652,-1.26003092831875,-1.1660537282877386,-1.2446628430757505,-1.2583909315695114,-1.2354642818892487,-1.25742120522698,-1.3027636888373146,-1.303584362778482,-1.299043035212402,-1.3134240025555384
2014-03-19,-1.77439363978817,-1.7458418769434774,-1.2688146483207208,-1.277238420512352,-1.277312742896624,-1.277289749535884,-1.2675868277004188,-1.286221780702306,-1.1905471490843336,-1.270665531825692,-1.277294297803564,-1.261199520042169,-1.2835649161465796,-1.3526893086776235,-1.3534877803565977,-1.3486938249155118,-1.3636106356770263
2014-03-20,-1.77439363978817,-1.7469952351304467,-1.2540844042411314,-1.269177069287897,-1.2692452170471178,-1.2692224588099814,-1.2595752526060633,-1.278126316118214,-1.1828243515682826,-1.2629014890653714,-1.2692428433720462,-1.2531930584206945,-1.2754771410237338,-1.345981551961353,-1.3468881617771382,-1.3419095386653088,-1.3570200701280066
2014-03-21,-1.77439363978817,-1.7469869058875778,-1.228540195284045,-1.2246080176527934,-1.2246651259581662,-1.2246458698003029,-1.2152543871432906,-1.2332999637763986,-1.1407306692091452,-1.2187058239454618,-1.2316941735664757,-1.2090528396909206,-1.2307210357915297,-1.293953056978311,-1.295694616399773,-1.2929192005750492,-1.3056235211676157
2014-03-24,-1.77439363978817,-1.7478359294234616,-1.2188136764826587,-1.2364598308547832,-1.2365223233372888,-1.2365054417103167,-1.227073743145555,-1.2451966906732022,-1.152366055439252,-1.2304018770057836,-1.243597891761819,-1.2208450570254117,-1.2426125522066933,-1.288803887165489,-1.2897290326855828,-1.2852328830782676,-1.2994870486844772
2014-03-25,-1.77439363978817,-1.7487464362119025,-1.2288126251965423,-1.2768627812151363,-1.2769159567659978,-1.2769013815264851,-1.267211922345994,-1.285767659280153,-1.1909058127856895,-1.2705916684803191,-1.2746988005174995,-1.2608775858793475,-1.2831364421655325,-1.379326425981209,-1.3808792925827549,-1.3766863839613344,-1.3912145960878235
2014-03-26,-1.77439363978817,-1.7487251448512215,-1.198027493288896,-1.2223869515463182,-1.222429176481465,-1.2224162515858743,-1.213010159328257,-1.2309763391394355,-1.1394541132193508,-1.2166707552063782,-1.222090955811264,-1.20692374333172,-1.228431627739955,-1.286295494036723,-1.2877459503972768,-1.2841550247157385,-1.2973815288819053
2014-03-27,-1.77439363978817,-1.7504605168295144,-1.2393874393946476,-1.3156430609480456,-1.3156810860826933,-1.3156675163030251,-1.3057192470817809,-1.324708358298631,-1.2277898768410922,-1.3092597883310977,-1.3230101940471797,-1.2992700155038786,-1.3220287737890253,-1.4315266368080295,-1.4331596814130076,-1.4288353009431962,-1.4437471568323574
2014-03-28,-1.77439363978817,-1.7512102152298152,-1.2105263737601613,-1.2720714970492366,-1.2721028029027048,-1.2720900749108186,-1.2624726474486665,-1.280852415510455,-1.1870162366282624,-1.2661328570112016,-1.279194526616527,-1.2562109727071706,-1.278256120700287,-1.3270509099946766,-1.3277942321642633,-1.3231455216576211,-1.3374218002715414
2014-03-31,-1.77439363978817,-1.7496971916372368,-1.1792922496035656,-1.2202097908112028,-1.2202324743147803,-1.2202233402805216,-1.2109054249112707,-1.2287382683015535,-1.1378045000348085,-1.2145431818629564,-1.2200984675875035,-1.2048139642033469,-1.2262126567136364,-1.265013136602401,-1.2657171601984731,-1.2610920007422766,-1.2751143596876138
2014-04-01,-1.77439363978817,-1.7476713734725666,-1.2009706254566432,-1.2385565783071435,-1.238575769280732,-1.2385660041101365,-1.2290987656755117,-1.2472032799000008,-1.1548651296289991,-1.232719011744522,-1.239892194897207,-1.2229200654832713,-1.2446453495306966,-1.3117529967399633,-1.312491680023446,-1.3076761066760476,-1.3222017340885666
2014-04-02,-1.77439363978817,-1.7464571452004962,-1.25562403662769,-1.3082254419749202,-1.3082428020495402,-1.3082324224932695,-1.2984060119815737,-1.317255957598705,-1.2208837465209177,-1.3021483820327473,-1.3155531328564714,-1.2918858233579371,-1.3145827228271545,-1.417734293114866,-1.4186061666580474,-1.413084293998,-1.429060227340857
2014-04-03,-1.77439363978817,-1.7458050546409838,-1.2212391524911166,-1.2461071003107749,-1.2461145433856902,-1.2461053741584187,-1.2366560547369696,-1.2547633715246709,-1.1622836278980309,-1.240380184042554,-1.253165975674169,-1.2303954742659922,-1.2521942615845274,-1.3245275811910138,-1.3252766756351646,-1.320533783322194,-1.3349935149965206
2014-04-04,-1.77439363978817,-1.746161270285229,-1.2018105368108023,-1.234949620905643,-1.2349580856275613,-1.2349510890758737,-1.2256236932858036,-1.2434735193082953,-1.152517836072374,-1.2291846985595392,-1.2419100117132864,-1.2194770635575072,-1.2409529628240663,-1.305720178057006,-1.3064458624943498,-1.3015952959723247,-1.3159427862138473
2014-04-07,-1.7863824034000686,-1.7502994037575847,-1.4044212054062966,-1.594269348342351,-1.5942909685341888,-1.59427517661269,-1.582774923701452,-1.604733337788835,-1.4922047149899618,-1.5857590875990857,-1.6026947353593066,-1.575152234149464,-1.601646021480946,-1.601379256687092,-1.603040914296819,-1.5973272450315346,-1.6147604044716628
2014-04-08,-1.77439363978817,-1.7440745162676896,-1.4350996873666322,-1.6454937755224104,-1.645585512432632,-1.6455570217856008,-1.633523286781636,-1.6566059942422275,-1.538055598045061,-1.6366094561272129,-1.6428901712934123,-1.6254286127801758,-1.6533594736363446,-1.7425219966676064,-1.743527564787679,-1.7356002980563516,-1.7562083393045846
2014-04-09,-1.77439363978817,-1.7431703657169018,-1.411738874471937,-1.566495734008109,-1.56657470098846,-1.5665518854516065,-1.5550255160833475,-1.5770719152724515,-1.4641170612492058,-1.55758520505858,-1.5660228531883809,-1.5473665455778227,-1.5739825026224197,-1.6251496686642486,-1.626125006700586,-1.619601764255037,-1.6379398248197845
2014-04-10,-1.77439363978817,-1.7433052147467394,-1.4800405998117283,-1.628446689869813,-1.6285353953418054,-1.628509286010902,-1.616587346881171,-1.6393992692940975,-1.522469789648297,-1.6194267774831324,-1.629343512155469,-1.6086836646277092,-1.6362066124775894,-1.7408774163059892,-1.7418893927286103,-1.7340729116176274,-1.7544692472530543
2014-04-11,-1.7863824034000686,-1.750307758451345,-1.7840179406874173,-2.1321418526933757,-2.132290861346624,-2.132244496090213,-2.116888324112964,-2.146379814783152,-1.994997527184976,-2.1204253810768785,-2.1286668128656623,-2.106670472910615,-2.1422396787740463,-2.203535576316788,-2.204496702488406,-2.191553114398201,-2.221917042113294
2014-04-14,-1.7863824034000686,-1.752503360326665,-1.79084393568184,-2.092974549817106,-2.093108990495338,-2.09306623142602,-2.0779499673690345,-2.106980815757811,-1.9579952115391568,-2.0817630304921786,-2.104547795382972,-2.0679019571482917,-2.102902074378795,-1.9189672889442329,-1.9214270211690785,-1.913554272511333,-1.9362292094111369
2014-04-15,-1.7863824034000686,-1.752503294012235,-1.7587472751011963,-1.9780937637626,-1.9782085350558347,-1.9781743506614744,-1.9636760581639616,-1.9914433520454893,-1.8493806065102931,-1.9674660283991467,-1.97747323865743,-1.9541360052399843,-1.987544156968088,-1.8251404587944964,-1.827527004272903,-1.8203435681116384,-1.841335663459013
2014-04-16,-1.7863824034000686,-1.752537193956214,-1.7160595939379713,-1.861408718668082,-1.8615045389483489,-1.8614782373055512,-1.8476638377414705,-1.8740628345877992,-1.739389716815352,-1.8511008152412145,-1.8613066061838064,-1.8386588306352225,-1.8703552907636387,-1.7167097771630742,-1.718853518068789,-1.7119113234859131,-1.7320024692956035
2014-04-17,-1.7863824034000686,-1.7525002695818164,-1.7284987459341543,-1.831783117515165,-1.8318679574841457,-1.8318431651585605,-1.8182621049633436,-1.8442397521666305,-1.7114569101486077,-1.82188235553924,-1.8421604495701107,-1.809368866730888,-1.840595354989667,-1.7667496309442072,-1.768675575762836,-1.7609241621706342,-1.7821525663325457
2014-04-21,-1.7863824034000686,-1.752223431342784,-1.677439825178247,-1.712448729501396,-1.7125157430724802,-1.7124970047875043,-1.6998000720035682,-1.724113959484762,-1.5996358472633674,-1.7033065670369174,-1.7221416474382196,-1.691428630880702,-1.7206984782011694,-1.617856704684902,-1.6197491133076736,-1.613588986054148,-1.6317688401654142
2014-04-22,-1.7863824034000686,-1.751717038462625,-1.6390254120846912,-1.620794314380162,-1.620870190960548,-1.6208504405743909,-1.6088210632429076,-1.6318810943454285,-1.5138084594426204,-1.6118681809113504,-1.6174137499529568,-1.6008649912053206,-1.6286398763950776,-1.6286534643524735,-1.6296097096354032,-1.6227247383826748,-1.6416414053480777
2014-04-23,-1.7863824034000686,-1.7515612407669257,-1.6129533879848637,-1.5559778569986389,-1.5560369087753785,-1.556022327995246,-1.5444609045865538,-1.5665974967594576,-1.4532647404094896,-1.547851040388327,-1.55526112735756,-1.5368244340865158,-1.56348548390166,-1.532019485935243,-1.533984429314408,-1.5287872536929932,-1.5452895075841788
2014-04-24,-1.7863824034000686,-1.7510872836370786,-1.578160502896535,-1.5028823289719158,-1.5029295124881097,-1.5029200216995808,-1.491679716333188,-1.5130991211908609,-1.4038591527070576,-1.49478156131163,-1.5026369591315991,-1.4843780761265206,-1.5100980792172125,-1.471209616726981,-1.4729194372716672,-1.4682013262465796,-1.4837041763336154
2014-04-25,-1.7863824034000686,-1.7511534412584149,-1.5363482307563203,-1.423374271305918,-1.423411244052582,-1.4234049978246803,-1.412660415326079,-1.4330850432327769,-1.329199935737294,-1.4158541348910878,-1.4313941223275963,-1.4057475512707007,-1.430222817919423,-1.3737800728891298,-1.3754183833421512,-1.3716145993824054,-1.385345810892407
2014-04-28,-1.7863824034000686,-1.752659238122419,-1.5778141056954436,-1.5334572087698122,-1.5334851119796864,-1.533482734861204,-1.52201440940772,-1.543694241353598,-1.4336835255244456,-1.5254749345356255,-1.533496979508635,-1.5147518084986842,-1.540673483108436,-1.560905686651367,-1.5628368036947584,-1.5575840689777054,-1.5742203839363318
2014-04-29,-1.7863824034000686,-1.75146889437081,-1.5308984123455205,-1.4484220419021312,-1.4484385761072849,-1.4484402860985215,-1.4374684372880957,-1.4581593353361502,-1.3534546970194576,-1.4408992141876271,-1.447785327161022,-1.43057806578638,-1.455275986394768,-1.4401606188789733,-1.4418328817896848,-1.4372821568179484,-1.45237488466773
2014-04-30,-1.7863824034000686,-1.7514645352889455,-1.5034192041799002,-1.3924938024239002,-1.392504927170284,-1.392507313222048,-1.3819518204696746,-1.4018795606473635,-1.300881576179886,-1.3852828670025956,-1.3911740183548924,-1.3752882578374654,-1.3990986374131569,-1.4029957193719749,-1.4046414482160596,-1.400420627872545,-1.4148422927496114
2014-05-01,-1.7863824034000686,-1.7499349098440415,-1.4620867316322648,-1.320220490316639,-1.320227767925403,-1.320229166175414,-1.3101668080291522,-1.32917839990734,-1.2327512779392158,-1.3135334166263004,-1.3190875892428708,-1.3037952816305565,-1.3265160568119658,-1.3109196663887936,-1.3126117521410732,-1.3092718943175494,-1.3221978001655716
2014-05-02,-1.7863824034000686,-1.7484510307257304,-1.4188202621179336,-1.2527069112886486,-1.252710313329062,-1.25271131311914,-1.2431046232920642,-1.2612730398599632,-1.1691563496169477,-1.246441408350625,-1.2596875915431436,-1.2370124554775137,-1.2587201626505622,-1.2151539813654986,-1.2165018866748234,-1.2132813341119435,-1.2252108699011908
2014-05-05,-1.7863824034000686,-1.7474359520078828,-1.3763174803937417,-1.1947046045805187,-1.1947079715742337,-1.1947061842158084,-1.1855237525573596,-1.2029213170367945,-1.1145850193658842,-1.1886861947580376,-1.1935452290703306,-1.179672800250999,-1.200472189157267,-1.1579762516779772,-1.159424598301455,-1.1562712053313855,-1.1681078216544325
2014-05-06,-1.77439363978817,-1.7413689703041746,-1.3386496447020928,-1.1442308767934488,-1.1442340584734343,-1.1442314734094945,-1.135440893561183,-1.152211167822312,-1.0670600900012364,-1.138807106007124,-1.150644169031546,-1.1297553068490849,-1.1498307943516468,-1.1058680698743075,-1.1074172360982135,-1.104183259241314,-1.1159249605874793
2014-05-07,-1.77439363978817,-1.742550641035289,-1.377912451758634,-1.279353876539187,-1.2793449058714823,-1.2793432961576168,-1.2696053597620065,-1.288144336288523,-1.1938537413689314,-1.2729918388828232,-1.2864328009308503,-1.2633125022257303,-1.2855159170239536,-1.3148424688104432,-1.3164179495067236,-1.3121011336926411,-1.3263297022562677
2014-05-08,-1.7682407358493757,-1.735070494180334,-1.336801453617917,-1.241348157821567,-1.241367270373814,-1.24136165851852,-1.2318388885943723,-1.250149699548131,-1.1571679869382108,-1.2357291833915405,-1.2485254649789708,-1.2255377104588248,-1.247534623784888,-1.2788102187562316,-1.2797222322967436,-1.274924324055961,-1.2895177920220666
2014-05-09,-1.7682407358493757,-1.735659023823494,-1.300563456175973,-1.1968760545228465,-1.196894046936721,-1.1968857367315318,-1.1877257197121387,-1.2053579144189286,-1.1157232024085375,-1.1914934736560687,-1.2037894760617784,-1.1816604740804708,-1.202841578254899,-1.2129821910944978,-1.213701802741021,-1.2093364504079411,-1.2229115780217596
2014-05-12,-1.7682407358493757,-1.7356549315685563,-1.2677937849254668,-1.1487985600672883,-1.1488139448201544,-1.1488060214850495,-1.1399607604425808,-1.156969298250191,-1.0706264442793845,-1.1436501214045551,-1.155479001708256,-1.1341311143706316,-1.1545438309635596,-1.149430775573597,-1.1502615921113184,-1.146226692313793,-1.1587896042527972
2014-05-13,-1.7682407358493757,-1.7355914707821547,-1.3453791186978636,-1.2827822292310391,-1.2827985504290351,-1.282790231733682,-1.2730687714620226,-1.2917656205661932,-1.1967149803004575,-1.2771396174106406,-1.2816288559441795,-1.2666264725298018,-1.2890979168601762,-1.3692951569640817,-1.3701102622187131,-1.3651938966714348,-1.3802302571602094
2014-05-14,-1.7682407358493757,-1.734720495366236,-1.3056898125456442,-1.2298241967955443,-1.2298452229065548,-1.2298396693698237,-1.220436053779207,-1.238456510520564,-1.1472376903987018,-1.224402971312349,-1.2368233132467308,-1.2143118325057514,-1.235889776567472,-1.2930584303599215,-1.293906498170967,-1.2891213527273455,-1.3035158136607792
2014-05-15,-1.7682407358493757,-1.7357459033604878,-1.2883749618288272,-1.225966810909893,-1.2259869173519231,-1.2259808281875495,-1.2166007723703052,-1.2346038408819624,-1.1434354200043968,-1.220752247980247,-1.2207290332580858,-1.2104735479237834,-1.2320368561124784,-1.2935966394718352,-1.2944427817549242,-1.2895219742009214,-1.304121853954144
2014-05-16,-1.7682407358493757,-1.7361479515091172,-1.295638368200981,-1.28077706945254,-1.2808238778693908,-1.280820233300369,-1.2708506180700965,-1.2898921765316522,-1.1936964265437515,-1.2750719120508118,-1.2883899576613886,-1.2644367988984435,-1.2871999287151863,-1.3529147604628105,-1.353727772727549,-1.3486518118414357,-1.3638895310863548
2014-05-19,-1.7682407358493757,-1.7357837754048486,-1.269071943046667,-1.230864196635089,-1.2309036801044333,-1.2308992812990878,-1.2213332982956264,-1.2396443332124518,-1.1469656376492523,-1.2252674375114825,-1.228266206845857,-1.2151272996910938,-1.2370536376875207,-1.292852846109869,-1.2937093143616996,-1.2887437350279147,-1.3034851000669014
2014-05-20,-1.7682407358493757,-1.7357833777968008,-1.2555548310303315,-1.206263105059131,-1.2062971098771893,-1.2062929795889243,-1.1969191532497392,-1.2148658157846344,-1.1240805563864888,-1.2007507085993483,-1.2054253782353723,-1.1908359564613202,-1.2123234196202852,-1.2649141292508177,-1.265760592808781,-1.2610054185624446,-1.275235961628023
2014-05-21,-1.7682407358493757,-1.7352730391270206,-1.247552139446121,-1.2201673212063795,-1.220201365784365,-1.2201967211489984,-1.2106937274160343,-1.2289160673445936,-1.1366361776797362,-1.2146842494984271,-1.227477206004156,-1.2044806327378512,-1.226329553824899,-1.2884754786070456,-1.2892268715595303,-1.2843657680711589,-1.2989961502614722
2014-05-22,-1.7682407358493757,-1.735281437630721,-1.2544173694155103,-1.2264303366805107,-1.2264609144655667,-1.226456346118476,-1.2168769626602158,-1.2352449914668393,-1.1422222349431348,-1.2209641226045231,-1.2338340057263948,-1.2106213856907142,-1.2326397314470845,-1.318182515537028,-1.3189602744999185,-1.3138665279006347,-1.3289943390438812
2014-05-23,-1.7682407358493757,-1.7350290288149193,-1.226474138163339,-1.1812746991664878,-1.181307292012867,-1.1813032567514772,-1.1720486820426022,-1.1897907512900303,-1.1000673330157635,-1.17598607435441,-1.18841988671882,-1.166018442874855,-1.1872724140036903,-1.2471452556032383,-1.247920850399132,-1.2431397773484496,-1.2573162538754652
2014-05-27,-1.7682407358493757,-1.7348508293794962,-1.2125838040381685,-1.1569471838654315,-1.1569750336913305,-1.156971017391581,-1.147904630445326,-1.1652843482860014,-1.0773583024661737,-1.151638467816788,-1.1639440935577356,-1.1419930172698824,-1.1628196719873762,-1.2290939205573994,-1.2297802434332246,-1.2250573460593908,-1.2390623518469552
2014-05-28,-1.7682407358493757,-1.734237923270536,-1.2311397240965791,-1.1864912376926149,-1.1865184829589972,-1.186512524982409,-1.1773082595961373,-1.1949885393412798,-1.1053505976004696,-1.1812564790000306,-1.1857000220354588,-1.1712491410857346,-1.1924765477758112,-1.285061732675234,-1.285784352282553,-1.280882377187861,-1.2954248483625384
2014-05-29,-1.7682407358493757,-1.731488634152531,-1.196281602436548,-1.1417608552644896,-1.1417956412669448,-1.1417900164199128,-1.132886095054175,-1.1499960372275582,-1.0633855534505765,-1.1368444215511853,-1.1486111094413942,-1.1270434454556493,-1.1475609156967053,-1.2179303934356096,-1.2185959911633122,-1.2138046717876334,-1.2278460193095202
2014-05-30,-1.7682407358493757,-1.7306631598632891,-1.1798867878364765,-1.1164953367833546,-1.116527272305358,-1.1165208474105048,-1.1077723760838754,-1.124595211750475,-1.039436569028788,-1.1115177705476498,-1.123267037127133,-1.1020254401606064,-1.122202928667759,-1.1919858649254285,-1.192740187342329,-1.1879706378715544,-1.2018225501573074
2014-06-02,-1.7682407358493757,-1.7306884077250164,-1.1440036878816526,-1.075230393845307,-1.0752591416540545,-1.0752557232287037,-1.066742875379643,-1.083060361837715,-1.0006592863776391,-1.0702130743219909,-1.0818157766393512,-1.061192140347607,-1.0807418774921105,-1.1370808590382242,-1.1377004862697044,-1.1330775484501434,-1.1465069661100424
2014-06-03,-1.7682407358493757,-1.7305173317856275,-1.1092082177842488,-1.034054128331795,-1.034081745820967,-1.0340769376558998,-1.025875430690819,-1.0416285286592208,-0.9620588557020432,-1.0295217771980365,-1.0404215810375466,-1.0205014044995009,-1.0393871663775516,-1.0858132097555155,-1.0864305349731425,-1.0819305537684365,-1.094842447978057
2014-06-04,-1.7682407358493757,-1.7308393897738663,-1.0756522083921094,-0.9975928124540496,-0.9976201163236368,-0.9976140324882188,-0.989714164157624,-1.004933996574043,-0.927864138427152,-0.9931327967669328,-0.9956036820702164,-0.9844730567816414,-1.0027635528470016,-1.03609937940069,-1.036736202167719,-1.0326407931599966,-1.044718710868452
2014-06-05,-1.7682407358493757,-1.7269245872480214,-1.0499312498252424,-0.9668470417150654,-0.966897113656512,-0.966890929563466,-0.959175674244606,-0.9740217685455276,-0.8989795888338492,-0.962235358718474,-0.9662971200876022,-0.954093848753233,-0.9719083829846472,-0.9963009601599482,-0.9968994170272027,-0.9928932488317472,-1.0046913459726396
2014-06-06,-1.7682407358493757,-1.7268394525298398,-1.073607917982999,-1.0152158731643004,-1.0152652454450404,-1.0152590207096734,-1.007197341615727,-1.0226938696787256,-0.9443792447248506,-1.010810672310432,-1.0127016903443569,-1.0019046337247406,-1.0204909045420762,-1.0956591787861525,-1.0962703061485426,-1.0917147162075138,-1.1048049218919818
2014-06-09,-1.7682407358493757,-1.726615539823983,-1.0620106756271628,-1.0052833102192449,-1.0053446647512194,-1.0053377104355494,-0.9973542716485556,-1.0127346600997222,-0.9348872588476644,-1.00073652563304,-1.0023684745471897,-0.9920546792310362,-1.0105447111313428,-1.080771640583432,-1.0814164489758638,-1.0771220469520355,-1.0898851516507888
2014-06-10,-1.7682407358493757,-1.726622245943216,-1.033408308626889,-0.9717847254765076,-0.9718425924159289,-0.9718343401256896,-0.9640986331252274,-0.979006180282166,-0.9035619431679158,-0.9675071135030808,-0.9711302963696398,-0.9589710515697898,-0.9768835451119438,-1.0337858183479078,-1.0344141934106867,-1.0303129842071597,-1.042441549291892
2014-06-11,-1.7682407358493757,-1.725627893320428,-1.001931695686704,-0.9390773314633208,-0.9391375292718912,-0.9391281043157966,-0.9316482287549152,-0.9460935843801672,-0.8728880331362007,-0.9348596670284828,-0.938449615575983,-0.9266584260312504,-0.9440334986562768,-0.9834263899113478,-0.9840369315007188,-0.980216967847645,-0.9916836734920292
2014-06-12,-1.7682407358493757,-1.7262438655729373,-0.9765003509601724,-0.933007971560086,-0.9330688360559776,-0.9330588146870652,-0.9256020975396032,-0.9400179845210171,-0.8669637697378065,-0.928727175812752,-0.9389959854783836,-0.920615482840122,-0.937960429453257,-0.9617255890263812,-0.9623057028363988,-0.9585543895510782,-0.9698471341943288
2014-06-13,-1.7682407358493757,-1.7270854170028282,-0.9941974977853648,-1.0124957791843547,-1.0125564623937309,-1.0125468864449525,-1.004476500825574,-1.0200586905094866,-0.9411512140605997,-1.0078243693525533,-1.0127125160893056,-0.9991037921339484,-1.017837064106534,-1.0582225650315535,-1.058851526640301,-1.0547815817630326,-1.0671183615262994
2014-06-16,-1.7682407358493757,-1.7254616983987086,-0.9718517278254588,-0.9804419464473282,-0.9805090646958996,-0.9804989550267816,-0.972667036594188,-0.9878031265399684,-0.9111140832480564,-0.9759359253133372,-0.9814961792434904,-0.9674405573174444,-0.985642427738868,-1.0073363647768907,-1.0079635427842972,-1.004175544899587,-1.0158882324431473
2014-06-17,-1.7682407358493757,-1.725610665559422,-0.944527899429562,-0.9470968879526904,-0.947158240651526,-0.9471482068418106,-0.9395512715220798,-0.954225570790556,-0.8799323918773018,-0.9428173916604417,-0.9459062910194171,-0.9344927395691516,-0.9521313678453112,-0.9594545605873072,-0.9599961892094904,-0.9563246948721248,-0.9675158751891436
2014-06-18,-1.7682407358493757,-1.725682866191677,-0.9234247188632416,-0.9222699663156462,-0.9223286317880472,-0.922316846786473,-0.914947186633093,-0.9292057564744854,-0.856843698121416,-0.9179458925461332,-0.9217112128758006,-0.9100030541104492,-0.9271719666102104,-1.0249740185942149,-1.026475865476835,-1.0229963151461594,-1.034804884717608
2014-06-19,-1.7682407358493757,-1.7254871285880231,-0.9361379436547748,-0.9506365860162111,-0.9506937807354152,-0.950681893833382,-0.9430623763210576,-0.957799111494317,-0.8828964286504382,-0.9462940321579838,-0.9567968811666284,-0.9379325895644036,-0.9556983729649744,-1.0714591503930082,-1.072964616781651,-1.0694843254723734,-1.0816272014077055
2014-06-20,-1.7682407358493757,-1.7257941173292413,-0.907669189786098,-0.9216112710154848,-0.9216661198421036,-0.9216549284068306,-0.914237391893449,-0.9285853862925072,-0.8557627027078667,-0.9174250424273024,-0.919984920805454,-0.9092501025607048,-0.9265360984627508,-1.0294385103478116,-1.0309483595035154,-1.0276032140612048,-1.039238233037887
2014-06-23,-1.7682407358493757,-1.7249477315224064,-0.8832108674930816,-0.8928371493661776,-0.8928901289148747,-0.892878644447217,-0.8856808105326769,-0.8996064733434533,-0.8288615360729,-0.8885912520831948,-0.8917144878311926,-0.8808268661582693,-0.8976188979344323,-1.012070630852515,-1.0135148488771102,-1.0099893557953652,-1.02172981265659
2014-06-24,-1.7682407358493757,-1.7251038754881207,-0.8563047533273346,-0.8679735055351065,-0.8680237659332147,-0.8680117344292579,-0.8610174256047127,-0.8745705679816058,-0.8056129654379084,-0.8639263878831346,-0.8658160793918966,-0.8562664000065525,-0.872633965413009,-0.8392692628038246,-0.8397253815789464,-0.8362930696835053,-0.8463740032257844
2014-06-25,-1.7682407358493757,-1.7236756962904447,-0.8575462413752328,-0.9141734383620912,-0.914233058504444,-0.91422183966956,-0.9068237297615702,-0.9211089147009648,-0.848510823809019,-0.9097358498492354,-0.9202309446004284,-0.9018351337494568,-0.919076960601423,-1.0339675160921311,-1.0354099262491483,-1.032047334893936,-1.043835468122534
2014-06-26,-1.7682407358493757,-1.7236275909367018,-0.8637643769543183,-0.9228105087805138,-0.9228745766517692,-0.9228618901871088,-0.915423107853722,-0.9297492444999584,-0.8570630031668487,-0.9180841662125756,-0.928847677333822,-0.9104891760200128,-0.9277202083645052,-1.051634463061605,-1.0531804596228078,-1.0499619323110922,-1.061670019812618
2014-06-27,-1.7682407358493757,-1.723930118765506,-0.8378866979191472,-0.8985294461749445,-0.8985972379958247,-0.8985843613900799,-0.8913197941661543,-0.9053183012738868,-0.8343022619039933,-0.8939166831878186,-0.8988266281305807,-0.8864847554718638,-0.9033322702982064,-0.8663861413172463,-0.866823372380548,-0.8633217868906737,-0.8736238597177295
2014-06-30,-1.7682407358493757,-1.7240111577479298,-0.8219415733034288,-0.879458292556924,-0.8795221672026129,-0.8795086377702043,-0.8723995410111869,-0.8861122183715121,-0.8165232694435934,-0.8751335346463535,-0.8800214905404641,-0.8676531550786466,-0.8841649754295609,-0.8472704611389349,-0.8476963400855437,-0.8441560838307226,-0.8543802596407637
2014-07-01,-1.7682407358493757,-1.724230525007319,-0.7978751342532946,-0.8562190553776755,-0.8562792688087816,-0.8562648362655286,-0.8493443465641569,-0.8627083119412597,-0.7948525194807262,-0.8519455383071738,-0.8618668259545889,-0.8447082588886413,-0.8608100612992365,-0.8143156395194789,-0.814727822749039,-0.8112556761475582,-0.8212575199143451
2014-07-02,-1.7682407358493757,-1.7242488618056722,-0.8546797988359145,-0.9404607268173422,-0.9405220585949392,-0.9405079159935305,-0.9329992183285236,-0.94751214523273,-0.873828693300504,-0.9360434294368823,-0.9399809619629108,-0.9279461458961524,-0.9454440600391107,-1.0836342381204245,-1.0852324268573184,-1.0819090674225853,-1.094002459597467
2014-07-03,-1.7682407358493757,-1.7243742947611211,-0.8286928927172664,-0.9081805804099776,-0.9082360416420135,-0.9082219882237228,-0.9009451323643396,-0.9150159431764712,-0.8435692023642797,-0.903835719510828,-0.9076817978122232,-0.8960382020418485,-0.913010620268634,-1.0171828637270723,-1.0187622069848763,-1.01577010030357,-1.0268683655052058
2014-07-07,-1.7682407358493757,-1.7239114150212564,-0.8377089308214696,-0.9161912361194746,-0.9162438151707952,-0.9162296829734576,-0.9088776813917772,-0.9230827500299136,-0.8509566888239009,-0.9115906883912944,-0.9150565670513672,-0.9039341827907924,-0.9210632029348008,-1.0465441658975894,-1.0481005559372325,-1.0448911049647596,-1.0564609295793332
2014-07-08,-1.7682407358493757,-1.7247586329703075,-0.8453021904572605,-0.9583573395580596,-0.9584069113994576,-0.958393354636526,-0.9507303723055736,-0.9654828645578488,-0.8907337408562828,-0.9537296160451983,-0.9645031912344534,-0.9456346932572564,-0.9633940860041208,-0.9904146981120328,-0.9909276024468068,-0.9868227084432988,-0.998826604655645
2014-07-09,-1.7682407358493757,-1.72485729074717,-0.9191758299994456,-1.1052619231075742,-1.105316415670982,-1.105302697075593,-1.0966401634739136,-1.113237213406392,-1.0292833036809972,-1.0997362303483282,-1.103981309196951,-1.090959303113734,-1.11090217735453,-1.2413778776554016,-1.242918733471174,-1.2396195275300372,-1.252495986657975
2014-07-10,-1.7682407358493757,-1.724278384204427,-0.9177890652235952,-1.0841060750174376,-1.0841748070860515,-1.0841615418742834,-1.0756493972076473,-1.0919829473682658,-1.0093153421947507,-1.0787773491838029,-1.0833989715197134,-1.0700276302224605,-1.089682961585074,-1.1990959459816768,-1.200771142221869,-1.197863946252809,-1.2101665639924082
2014-07-11,-1.7682407358493757,-1.7250041059538173,-0.909418579620698,-1.077271119678441,-1.0773342306740867,-1.077318845854016,-1.0688944965341298,-1.085113298787157,-1.002743880033328,-1.0723053941073466,-1.074169819243061,-1.0632519138507386,-1.0828246768883143,-1.183013957294211,-1.1845927089809305,-1.1817416184778238,-1.193827243044838
2014-07-14,-1.7682407358493757,-1.724639030825836,-0.8895500697540207,-1.0353894837572235,-1.0354444945586647,-1.0354286832603798,-1.0273199846412653,-1.0429403001648565,-0.9635389327081976,-1.0302769722467693,-1.033420324628349,-1.0218716110697867,-1.0407365848533543,-1.1201640432991389,-1.1216530706877406,-1.1186675989366313,-1.1303220078186489
2014-07-15,-1.7682407358493757,-1.7244721198463795,-0.8878291187403624,-1.0177974810698072,-1.017846676791464,-1.017830115891725,-1.009874197381714,-1.025233662868701,-0.9469382125546084,-1.013112380596133,-1.0241877521054268,-1.0044812798002722,-1.023067569113265,-1.1135092481523263,-1.1149076172734125,-1.1118252883178037,-1.1235772065217642
2014-07-16,-1.7682407358493757,-1.7252254694503613,-0.8734594491691191,-1.0080909097951634,-1.0081328809266352,-1.008117804432677,-1.000243558998549,-1.0154246772058009,-0.938069239484722,-1.003222760422329,-1.008221115815121,-0.9949219806746866,-1.0132862816146877,-1.051454984386844,-1.051950084886483,-1.0473372746875302,-1.0603792309101263
2014-07-17,-1.7682407358493757,-1.7249757887257964,-0.8564851650835643,-0.9786053724362614,-0.9786396431265793,-0.9786265699829249,-0.9709143151673232,-0.9857826880092592,-0.910019492251964,-0.9739361858458968,-0.9847940070345892,-0.9656894764631656,-0.983686656241882,-1.064805517004528,-1.0661693612688523,-1.062904718841669,-1.0744863528555917
2014-07-18,-1.7682407358493757,-1.725441387117005,-0.9831924342516856,-1.200248703519559,-1.2002843384429989,-1.2002709968380738,-1.1909030382933792,-1.208929162051664,-1.117050837164191,-1.1944576448484197,-1.2077428876569425,-1.1845775565825587,-1.2063891573035657,-1.2472672527405408,-1.2478906738218143,-1.2430289355820852,-1.2575108664800074
2014-07-21,-1.7682407358493757,-1.7256226139843442,-1.0860588876752366,-1.305558448003725,-1.3055912324763734,-1.305578175431079,-1.295462367662199,-1.3148936545695145,-1.2158275208519318,-1.299391636552638,-1.3070952028611809,-1.2886456316640142,-1.3121552100564895,-1.4468393640659682,-1.4486875004413795,-1.4440318419845688,-1.4596699682861596
2014-07-22,-1.7682407358493757,-1.7260718586689163,-1.056059966331059,-1.2445193247125792,-1.244544149906172,-1.244532941115898,-1.2348247778537085,-1.2534617424272765,-1.1585218361564285,-1.2389435428417348,-1.2409173456100535,-1.2282953997525918,-1.2508334902494411,-1.287724752231698,-1.2884217105730855,-1.2837437835708565,-1.2982128264025548
2014-07-23,-1.7682407358493757,-1.7237127262289045,-1.0523041092475744,-1.2096102445142167,-1.2096303464891247,-1.2096189909439703,-1.2001590263949855,-1.2183027262832165,-1.125888709936211,-1.2037921475415396,-1.211151547924538,-1.1938090917711128,-1.215749912138878,-1.2950633136802847,-1.296755326076403,-1.2936434558854577,-1.3067071317198071
2014-07-24,-1.7682407358493757,-1.723579823783454,-1.0267170246504915,-1.1541397067808246,-1.1541546808750354,-1.154144355943037,-1.1450605691887197,-1.1624624596022866,-1.0739458797880033,-1.148528204925639,-1.1613141479733384,-1.138987363107692,-1.1600138364152217,-1.1667794476343742,-1.1673813684600474,-1.1631273191837097,-1.1764567217576498
2014-07-25,-1.7682407358493757,-1.721552216615261,-0.9954426660890984,-1.1003987926515388,-1.1004077162625348,-1.100397961019847,-1.091703285920523,-1.1083630962239104,-1.023625934792059,-1.0949737771932984,-1.111230230478749,-1.085880552512861,-1.1060194846915932,-1.08618948745179,-1.086743060133714,-1.0826026076839703,-1.0953016840408631
2014-07-28,-1.7682407358493757,-1.719196098190648,-0.985574004587372,-1.0967448184875643,-1.096749829158246,-1.0967394864694444,-1.0880905915886652,-1.1047469937884455,-1.019855008984598,-1.091777718151303,-1.10356033850708,-1.0822124864916725,-1.102377425115578,-1.088891597347738,-1.089436117362255,-1.0850903520635409,-1.0981883102613563
2014-07-29,-1.7291612678357058,-1.7127605217324957,-0.9556712794570148,-1.0517302455077535,-1.051752491683131,-1.0517427977163003,-1.0434059638221331,-1.0594872740520371,-0.9776320744086392,-1.0465478465961515,-1.0583513598637897,-1.0377238628765244,-1.057196896989317,-1.0155090519512413,-1.0160382456594366,-1.0119090262874968,-1.0242756137692188
2014-07-30,-1.7291612678357058,-1.7132989612019305,-0.932093891527817,-1.0318575073042482,-1.0318732196715212,-1.0318646106666225,-1.023641172818608,-1.0395182393676357,-0.9586454850816716,-1.0268601491626514,-1.038477612028985,-1.018001456672731,-1.0372603491709262,-1.0507061799334465,-1.052131406086643,-1.0489927231435108,-1.060532032117934
2014-07-31,-1.7291612678357058,-1.712666740443288,-0.9084318845820816,-0.9968559843536864,-0.9968657651613874,-0.9968583199815236,-0.9888656649009177,-1.0042841252105696,-0.9258703545339084,-0.9921659982276364,-1.0032997512000763,-0.9833983265009262,-1.0020923050808923,-1.022801846887038,-1.0242063910348542,-1.020996969612583,-1.0323972243200903
2014-08-01,-1.7682407358493757,-1.717848296553826,-1.2114584218661844,-1.4893959720680867,-1.4894008492726991,-1.4893972648207732,-1.477689554385053,-1.500096744009561,-1.3861704235908314,-1.4816559846425912,-1.4877512288551584,-1.469862180745828,-1.4969175369498116,-1.535565337872573,-1.5364458823461111,-1.5287617454163198,-1.5488157544232088
2014-08-04,-1.7682407358493757,-1.7151267742478913,-1.1824929891127212,-1.4178477687822584,-1.4178439384992634,-1.4178420788221937,-1.4067107000168602,-1.428131816150472,-1.3193808869699843,-1.41096345262031,-1.417016844037268,-1.3992188448768033,-1.4250742359179538,-1.4310302110657702,-1.4319049002402386,-1.425738060011439,-1.4431573016462065
2014-08-05,-1.7682407358493757,-1.712601666033529,-1.182193175584137,-1.3768232701970868,-1.3768114234871678,-1.3768073038087962,-1.3660511283771457,-1.3867815481065815,-1.2811340648919078,-1.3693635463563518,-1.385337118034119,-1.3587355630316476,-1.3838208046795732,-1.411498079926136,-1.412377717890587,-1.406341664371255,-1.4234400041536652
2014-08-06,-1.7682407358493757,-1.714021330195227,-1.1953340066675917,-1.3934946597952678,-1.3934700768692023,-1.393468462547908,-1.3825638621576075,-1.4035947390566976,-1.2965808172727022,-1.3858135730486445,-1.392680351280636,-1.3751614017025968,-1.4005885721161448,-1.4551576854538,-1.4560495238713784,-1.4492329374902435,-1.4676326833402524
2014-08-07,-1.7682407358493757,-1.7142437687110008,-1.1589672481477813,-1.3173525994921833,-1.317324361929235,-1.3173204520842698,-1.3070526001584644,-1.3269098555320402,-1.225598015372699,-1.3106907903955831,-1.3255329576813837,-1.3000099395294291,-1.3240658559911909,-1.332929961035686,-1.3337994898152898,-1.3284721708582905,-1.3442964634322705
2014-08-08,-1.7682407358493757,-1.714618127524642,-1.1422701307041367,-1.2882617052724297,-1.288244740866271,-1.288235694219915,-1.278233830426395,-1.297609461697013,-1.1983955709721414,-1.2817460331799448,-1.2888571429655593,-1.271301538773896,-1.2948329743526823,-1.3111841496117087,-1.3119421337414103,-1.3065379618882742,-1.3221981396939082
2014-08-11,-1.7291612678357058,-1.7048782740685036,-1.1765657109740328,-1.3092601444264926,-1.309307769306684,-1.30930197977131,-1.298969048216281,-1.3189287488317727,-1.2169143631020785,-1.3030779584132632,-1.31760414242352,-1.2918062468195357,-1.3160650133042884,-1.3649478936047237,-1.3656298421804156,-1.3591058128048177,-1.3765729275844187
2014-08-12,-1.7291612678357058,-1.7048861732555265,-1.1573167043247274,-1.261296456230705,-1.2613394493975,-1.261332518229406,-1.2513750199197398,-1.2706152875234409,-1.172257575040345,-1.2552264494154772,-1.269331776831368,-1.2444750011005885,-1.267855050995332,-1.2997291089542786,-1.3004079914310198,-1.2946038849856325,-1.3107534780029944
2014-08-13,-1.7291612678357058,-1.7039316318078848,-1.1255342885149386,-1.2091654812093482,-1.2092065750013412,-1.2091991952240475,-1.1996317790535964,-1.218138078023672,-1.1234687772756542,-1.203203925342646,-1.2169026460735766,-1.1929654711854494,-1.2154786622943872,-1.2110877672952367,-1.21174279112746,-1.206818759138518,-1.2215128123066816
2014-08-14,-1.7291612678357058,-1.703761417459973,-1.1428688457062672,-1.2151577756935357,-1.2152030705476158,-1.2151952914322093,-1.2056050364744832,-1.2241891694355578,-1.129067377532132,-1.2094215037467548,-1.2129394725487683,-1.198877353663519,-1.221514121215474,-1.24774379054705,-1.2482329775151793,-1.2412623495800157,-1.2586732488286243
2014-08-15,-1.7291612678357058,-1.7032773775283416,-1.1214620576445564,-1.1695015363139007,-1.169541625582402,-1.169534238194374,-1.1602719155323968,-1.1781970963924877,-1.0864909270353702,-1.163764393276692,-1.168887970156531,-1.1538054176013313,-1.1756228661547934,-1.1702270501329002,-1.1708105052628754,-1.165352840346524,-1.1799142731733117
2014-08-18,-1.7291612678357058,-1.7033630101956492,-1.0885724294893435,-1.1190580891012158,-1.1190979452697831,-1.119091714882565,-1.110185077080896,-1.1273895785693078,-1.0395679189667362,-1.1138287196501513,-1.11843760515914,-1.1040269230627546,-1.1249218546227744,-1.103605548518164,-1.1047471178470305,-1.1018589743607397,-1.1123194355189086
2014-08-19,-1.7291612678357058,-1.7030525978619186,-1.1170456710779944,-1.1475555075498,-1.147596599067904,-1.147587552061382,-1.1385097378753934,-1.1560419208837422,-1.0664233892962387,-1.1418173358948562,-1.1462074471165842,-1.132250146680985,-1.1535316054471216,-1.1560844197127067,-1.156686287594345,-1.1515847080129786,-1.1654148294163156
2014-08-20,-1.7291612678357058,-1.7025682376932925,-1.0988888143023636,-1.1152152324191444,-1.1152767084543074,-1.1152665680498235,-1.1064008754400485,-1.1234532625881533,-1.0366016635323685,-1.1096118075544468,-1.114668454530204,-1.1004237355993496,-1.1210237193298154,-1.1761931510608,-1.1779948081486764,-1.1753532289749873,-1.1873355173627906
2014-08-21,-1.7291612678357058,-1.7027744033859038,-1.0663736546061169,-1.070059995656239,-1.0701146292289458,-1.070107300301797,-1.0615250293429677,-1.0780036637053791,-0.994284661071003,-1.0646844827247384,-1.076907110365859,-1.0557781317218933,-1.0756554800399156,-1.060174545456647,-1.0612071234088758,-1.058516928319995,-1.0683261070118584
2014-08-22,-1.7291612678357058,-1.7029415451070002,-1.037321617355669,-1.0298255301676913,-1.0298765929708522,-1.0298699614043867,-1.021542718398792,-1.0375035945313846,-0.9565720508923632,-1.0245675489539534,-1.036458100703156,-1.0159994677596038,-1.0352295169515449,-1.0137617888382109,-1.014700030968229,-1.0118737437953162,-1.021634426320173
2014-08-25,-1.7291612678357058,-1.7031035129975136,-1.0057867415211768,-0.9950305432943046,-0.9950771224110546,-0.9950712513241154,-0.9869929933539852,-1.002480378774622,-0.9239594846504496,-0.9898279627857876,-0.9955273852057904,-0.9816038440688242,-1.0002738679509204,-0.984445383929142,-0.9853119788147008,-0.98228448040056,-0.9921887720462612
2014-08-26,-1.7291612678357058,-1.7027157611624808,-0.9915290534659372,-0.9744577165094938,-0.9745023952976564,-0.9744964660521462,-0.9665413693049406,-0.9817666528206972,-0.9046710584948252,-0.9692767155435644,-0.973298945140204,-0.9612717006785998,-0.9796034500721956,-0.9809105904429136,-0.9815972285388695,-0.9778580138272752,-0.9886597037243732
2014-08-27,-1.7291612678357058,-1.7002920392289207,-0.9646315749246184,-0.9392023661235576,-0.9392597545377506,-0.939253956261514,-0.9315051117420576,-0.9462931175155512,-0.8715741034456475,-0.9346595430557494,-0.938130947197409,-0.9264240825916218,-0.9441949313195528,-0.9583590429289476,-0.9591585140509988,-0.9558716428672324,-0.9660473474748168
2014-08-28,-1.7291612678357058,-1.7005863390412164,-0.935251520171786,-0.9107072815248192,-0.910767862676654,-0.9107616314554228,-0.903244743386637,-0.917615652697629,-0.844920039620603,-0.905842288376246,-0.9102630281653602,-0.8982701974346359,-0.9155710777570016,-0.9346776187978484,-0.9354487690341962,-0.9321672995976648,-0.9423038082840052
2014-08-29,-1.7291612678357058,-1.7006745434435255,-0.9108945415598928,-0.8965866771446628,-0.8966456370722246,-0.8966388281389753,-0.8892482901098033,-0.9033891220138596,-0.8317981528271601,-0.891844709511786,-0.9025369802526144,-0.8843421526832772,-0.9013771892840384,-0.93148955626277,-0.9322663103558808,-0.9290118053822586,-0.9390949193408862
2014-09-02,-1.7291612678357058,-1.700530709795822,-0.8986649070167906,-0.8843537007254029,-0.8844116464430921,-0.8844043672630224,-0.8770984536624,-0.8910618077832257,-0.8204514412159939,-0.8795166746323799,-0.8902288727303,-0.8722807755792426,-0.8890799825982679,-0.7886740587604575,-0.7890700649000353,-0.7857150573162164,-0.795248963375209
2014-09-03,-1.7291612678357058,-1.7004978795039984,-0.8739141396534047,-0.8663857724425704,-0.8664536522636394,-0.8664469452259571,-0.8592843855334032,-0.8729919142195928,-0.803868012634855,-0.8616575805292389,-0.8660377965479655,-0.8545892843592574,-0.8710442074500229,-0.9467245442369652,-0.9482419415807264,-0.9451722326490208,-0.956044039526646
2014-09-04,-1.7291612678357058,-1.7010837378876855,-0.8569505779125662,-0.8765908257765279,-0.8766559644424529,-0.87665116353959,-0.8694303507113017,-0.883243706592395,-0.8137507055489935,-0.8719648072884904,-0.8769783192679441,-0.8647141497120919,-0.8812869428370725,-0.9601213027877284,-0.961673119862964,-0.9586435581248116,-0.9694805832472032
2014-09-05,-1.7291612678357058,-1.7013071531546804,-0.8343343546826713,-0.8645575198043989,-0.8646217181787622,-0.8646161128471914,-0.8575081380427276,-0.8711308053610352,-0.8025234237711334,-0.8599164270803676,-0.8703460745618927,-0.8528351744124658,-0.8691993469500175,-0.8029085593907285,-0.8034297229045879,-0.8003222275415472,-0.8099561303429538
2014-09-08,-1.7291612678357058,-1.701295194619018,-0.8313897627978233,-0.8658313376605141,-0.8658962277124744,-0.8658906311206528,-0.8587333268183852,-0.8724331604029949,-0.8035175542770635,-0.8612556953398426,-0.8652831596136484,-0.8540501392343709,-0.870493415866484,-0.9584226855610142,-0.959975583272145,-0.9569727697253096,-0.9677956393987788
2014-09-09,-1.7291612678357058,-1.7013228391392474,-0.8063298190928102,-0.8564093631037009,-0.856495551085524,-0.8564900067458786,-0.8493900332855308,-0.8630420863263544,-0.7943740014972009,-0.8519843113700997,-0.862341030286864,-0.844669120125382,-0.861106022481149,-0.8111040636164643,-0.8116089597313111,-0.808259396132127,-0.818471320850528
2014-09-10,-1.7291612678357058,-1.702554812392579,-0.8404429146194989,-0.9499455122341252,-0.9500351068908466,-0.9500306248244872,-0.9422767744756692,-0.9571932869654832,-0.8820797781279097,-0.9450964737277048,-0.9490095230182028,-0.9371106443146724,-0.9550773162340062,-1.0617896418608948,-1.0634645432937715,-1.0602915368915766,-1.0724353421896708
2014-09-11,-1.7291612678357058,-1.7024402372784568,-0.8451285294715855,-0.9513945683653364,-0.9514827443967732,-0.9514775806906358,-0.9437300485666832,-0.9586318146736952,-0.8835966529053096,-0.9465753892455726,-0.9504449697601594,-0.9385663828482744,-0.9565172450304144,-0.948730035950854,-0.9493492364793517,-0.945611548532516,-0.9571473484481996
2014-09-12,-1.7291612678357058,-1.702680269782724,-0.8204066570204227,-0.9189237206686866,-0.9190110268369254,-0.9190050961693762,-0.9115558963387445,-0.925932501247802,-0.8533355458833903,-0.914196335349702,-0.9187159375904748,-0.9065236309417624,-0.923887278784678,-0.9936915363634228,-0.9953206478593788,-0.9924517929075486,-1.0035008193555908
2014-09-15,-1.7291612678357058,-1.7037069210947955,-0.8271634709767288,-0.9561800685644348,-0.9562685628291634,-0.9562628869967852,-0.9484953308260164,-0.9634596121793146,-0.8879554238038216,-0.9513701186312316,-0.9552662784879188,-0.9432751492862996,-0.961334036165336,-0.940315674240362,-0.940919870023243,-0.937278741178808,-0.9486596890593066
2014-09-16,-1.7291612678357058,-1.704446164082606,-0.8343649832409292,-1.0093677123392797,-1.0094921817716875,-1.009452283558207,-1.0015668891199858,-1.016981043754288,-0.9390992486808476,-1.0041666206033872,-1.0161272059559217,-0.9961371238243844,-1.0148010833968368,-1.0948248145970645,-1.0965892854906485,-1.093566202066132,-1.1054872014498651
2014-09-17,-1.7291612678357058,-1.7040190940487447,-0.8629913749918806,-1.0325159884744697,-1.0326408605949364,-1.0326017759064126,-1.0244957192140876,-1.040337073943257,-0.9601962293757624,-1.0271259692732149,-1.032191646185916,-1.0189020795479584,-1.038099308887511,-1.1329904578474566,-1.134808958478354,-1.1318247351801347,-1.1441296559940677
2014-09-18,-1.7291612678357058,-1.7042122117096905,-0.8394411132237444,-0.9922205955004152,-0.992344615077998,-0.9923052552029092,-0.9845342470636148,-0.9997686325917804,-0.922547701984698,-0.9873307540874702,-0.998960139910194,-0.979112687285552,-0.9976108297249692,-1.060760413019324,-1.0625219445685907,-1.0597344413955794,-1.0712563853821102
2014-09-19,-1.7291612678357058,-1.70419967543268,-0.8473309711816203,-0.989913465799694,-0.9900374318237284,-0.9899976591459032,-0.982276224079089,-0.9974354799164724,-0.9204751460615398,-0.9847354574530196,-0.990802041334314,-0.9768630038921804,-0.9952880028780202,-1.0709594742235613,-1.0727373374277736,-1.069859972208176,-1.0816023208005443
2014-09-22,-1.7291612678357058,-1.7044118129741916,-0.8244547344523907,-0.9636913022385728,-0.96380871299622,-0.963771277071055,-0.9562144119158484,-0.9710112669728752,-0.8960496857940086,-0.9587610006691772,-0.961275559468495,-0.9509676608018376,-0.9689188781450524,-1.0264894251127177,-1.0282151465795746,-1.0253068221066737,-1.0366098380380178
2014-09-23,-1.7291612678357058,-1.7051524889442775,-0.8905347500336166,-1.0838631195551742,-1.0839940460543531,-1.0839536159420653,-1.0755451769044744,-1.0919935218361212,-1.0086734057974844,-1.0782884935175638,-1.0828714698298936,-1.0697255685205502,-1.0896679193355014,-1.1823073576852698,-1.1841638637814007,-1.1811301736685589,-1.1937723203908763
2014-09-24,-1.7291612678357058,-1.706131054831852,-0.8865888725193849,-1.0850498971362177,-1.0851802241337245,-1.0851412159407603,-1.0766713679114654,-1.09321773013143,-1.00942252810094,-1.0795354278126823,-1.092347388223129,-1.070821724845351,-1.090881595845606,-1.1613549957668832,-1.1631710737361134,-1.160509892150241,-1.1726580583429511
2014-09-25,-1.7291612678357058,-1.7061557985821956,-0.9334774157039976,-1.1227631792014474,-1.122898611372852,-1.1228584961220784,-1.11410972486518,-1.131181441471423,-1.0447844094017844,-1.1169740227909055,-1.1302733570246195,-1.1081025860270737,-1.1287733099289594,-1.225794464295094,-1.2272199978967984,-1.2233593062129218,-1.2362300632969208
2014-09-26,-1.7682407358493757,-1.7092033781802245,-1.1586788492069895,-1.4647973282878806,-1.4649692054700283,-1.464921103418112,-1.4536491518121533,-1.475606957772938,-1.3647500255934324,-1.4573834118025433,-1.4743648859963667,-1.4460101883084342,-1.472508696199876,-1.6372402927865346,-1.6382382030867328,-1.6268870040273935,-1.6528267520898667
2014-09-29,-1.7682407358493757,-1.7087907188671634,-1.184611872494198,-1.448737989302121,-1.4489015655745057,-1.4488541715673071,-1.4377136164374746,-1.4594027162394068,-1.3498640260413042,-1.441377688546324,-1.4581745670998247,-1.430184012230891,-1.456349366313363,-1.609594671182498,-1.6105818675028454,-1.5994791941814115,-1.6248597389602368
2014-09-30,-1.7682407358493757,-1.7089949875116617,-1.1512855803652904,-1.3719315303649409,-1.37208129598006,-1.372035558011599,-1.3614654146828582,-1.3820475468981828,-1.2780623959889126,-1.3651554840398743,-1.3705840657547377,-1.3543181729552165,-1.3791503942745231,-1.5066969507343917,-1.5076922624668312,-1.4973077357946325,-1.5213619988480636
2014-10-01,-1.7682407358493757,-1.7096098318296864,-1.121816327906038,-1.309907073572964,-1.310047114886049,-1.3100018863460017,-1.2999358169842077,-1.319584385939301,-1.2201169880712488,-1.303492485758475,-1.3093319966815296,-1.2930678353805332,-1.3168133304547425,-1.4137059492988646,-1.414717736194507,-1.4062381573238818,-1.4275453022348228
2014-10-02,-1.7682407358493757,-1.7125726458759165,-1.2377928814200172,-1.4816190690943174,-1.4817709879539664,-1.481719869616132,-1.4704472541578006,-1.492486487708382,-1.3808704178104525,-1.4748812360825945,-1.4800478012775204,-1.462740759799977,-1.4893734229183306,-1.592461370407535,-1.592922333838643,-1.5822503651133903,-1.606533367946053
2014-10-03,-1.7682407358493757,-1.711960605814415,-1.2006554969835084,-1.3962191026728572,-1.3963573634881414,-1.396309304969494,-1.3856511144560513,-1.4064808830865028,-1.3010493535115517,-1.3898170061683874,-1.395467263018981,-1.3783825621286532,-1.403541387662256,-1.4858295206170564,-1.486304756889171,-1.476356634410447,-1.4992577521287171
2014-10-06,-1.7682407358493757,-1.7120134306572743,-1.2406716805294562,-1.4173156115962444,-1.4174547361285543,-1.4174024197226691,-1.4065871005561963,-1.4277395823625194,-1.320560501720931,-1.4106805070873316,-1.4264412745089987,-1.3991981690173727,-1.4247605506959231,-1.5221053100655206,-1.5226096143666834,-1.5123157669012617,-1.5353325490765717
2014-10-07,-1.7682407358493757,-1.712663044326445,-1.2094038172433494,-1.356777140375693,-1.3569071975316425,-1.3568589171390013,-1.3464599871711438,-1.3667724606128564,-1.2640152670897835,-1.3504842741432204,-1.357810798849697,-1.3393925353390186,-1.3639096773559538,-1.4398361666739496,-1.440323207622196,-1.430956553596726,-1.4528316433026722
2014-10-08,-1.7682407358493757,-1.7159382332806186,-1.3283869787742553,-1.5373261865068577,-1.5374656725659124,-1.5374122239834729,-1.5256726895345556,-1.5485925663764448,-1.4327516674626397,-1.5307967200882513,-1.5471492812369143,-1.5177338838689494,-1.5453646871115765,-1.6182883515727835,-1.6188222406365096,-1.6080492090603071,-1.631986515252199
2014-10-09,-1.7682407358493757,-1.71593379917273,-1.4795413587170554,-1.7040653057385131,-1.7042154260795088,-1.7041539096089413,-1.6912545557676508,-1.7164909654372846,-1.588881279254731,-1.696627770094084,-1.714872000824918,-1.682531063843273,-1.7129366236732848,-1.752880653528927,-1.7540442973424777,-1.7441684172767238,-1.7685206335665222
2014-10-10,-1.77439363978817,-1.720978047175738,-1.6580982821922534,-1.9609706379384808,-1.961137318936997,-1.9610665348942151,-1.946308126762997,-1.975210444633004,-1.8291467470572609,-1.9527827375626596,-1.9603060258956695,-1.9363390799968,-1.971139124885772,-1.9001411341626435,-1.90138767605442,-1.8914286200143124,-1.9168432616564943
2014-10-13,-1.77439363978817,-1.7250421564476124,-1.7563251353878735,-2.0869449941062017,-2.0871247415482093,-2.0870412294700365,-2.0715201109199137,-2.101904788315225,-1.9481252888939409,-2.077193904183656,-2.083504329074748,-2.061013490767848,-2.0976511328235663,-2.0042785888164536,-2.0055856075529417,-1.995808940598947,-2.021366621343158
2014-10-14,-1.77439363978817,-1.7283090574815827,-1.8161484197040436,-2.138669615463922,-2.138844598539682,-2.1387614007132667,-2.1227514661107807,-2.1540496225669528,-1.995996613381788,-2.1289445295568576,-2.1401999094682824,-2.1120111922000557,-2.149678905006812,-2.0402267018485163,-2.0415802637653773,-2.0320888206987147,-2.057650325226546
2014-10-15,-1.77439363978817,-1.7282834185206015,-1.7634508311537438,-1.996212551134957,-1.9963659688519533,-1.9962888172650095,-1.9813462353848992,-2.0106130235836743,-1.8627606032253048,-1.9873281708754535,-2.0087971091454984,-1.971274806793903,-2.006521227475423,-1.8764445524395517,-1.877782388480907,-1.8690616304442729,-1.8924079609801496
2014-10-16,-1.77439363978817,-1.7290500270008096,-1.7238763309654772,-1.9048715103041296,-1.905012087622379,-1.904943215216212,-1.8905980474956772,-1.9186825753939305,-1.7770569326800996,-1.8965653368779776,-1.903061757662757,-1.880961219171798,-1.914752829356169,-1.693910938619476,-1.6965846708534171,-1.6899792567486596,-1.7101376976290534
2014-10-17,-1.77439363978817,-1.729217799333745,-1.6714092193591938,-1.7855977690698988,-1.785721229861221,-1.7856561336053738,-1.7722489518763878,-1.7985914550605828,-1.6654926311370573,-1.777737090968698,-1.7848640930101165,-1.7631322729736252,-1.794895797310979,-1.6033282623778502,-1.6048215786607871,-1.5982762686883072,-1.617262171432841
2014-10-20,-1.77439363978817,-1.7260841090467245,-1.6826256860086752,-1.7680299265487491,-1.7681473034666022,-1.7680861694584835,-1.7547312242335795,-1.7809575823180324,-1.6486087692340543,-1.7602596780704114,-1.7666120885298624,-1.7456619603097974,-1.7772804157006512,-1.6374507110390937,-1.6392578525220918,-1.6325190294201126,-1.652341849539945
2014-10-21,-1.77439363978817,-1.7260424004927095,-1.693399565429894,-1.7462791092964012,-1.7463867252725824,-1.7463252801137246,-1.7331876068877072,-1.7590418882979473,-1.6283236651613204,-1.7389325709047396,-1.7574047543291844,-1.7241880346631706,-1.755416019644496,-1.7118357979902783,-1.7130786984914312,-1.7046892238749,-1.72673516015784
2014-10-22,-1.77439363978817,-1.727456297846906,-1.8569061093271075,-1.953166637704764,-1.9532783783622285,-1.9532097738644951,-1.9386017475688149,-1.9673641127903192,-1.8219584838791536,-1.944862969039572,-1.9654858889185935,-1.928604085021524,-1.963326689088204,-1.9427490766240143,-1.9440212454154384,-1.934460767587159,-1.959622431053554
2014-10-23,-1.77439363978817,-1.7286375984951845,-1.8277302349535995,-1.8837244480101611,-1.8838233537528368,-1.88375720859235,-1.8697045262783307,-1.8974546118476188,-1.756924918816218,-1.875822710508813,-1.8857035828531965,-1.8599878891118515,-1.8935484798260995,-1.843422130890116,-1.844100503155528,-1.8336066274350693,-1.8583515220399285
2014-10-24,-1.77439363978817,-1.7289082815269416,-1.860026346226856,-1.8912213146166517,-1.8913127404548995,-1.8912455645961737,-1.8771829565117637,-1.9049867216098824,-1.7640290416685152,-1.883297402356088,-1.9031044292127823,-1.8674166014743367,-1.9010726408159275,-1.8717627546219595,-1.872430494913418,-1.8616464921435891,-1.8867224701742036
2014-10-27,-1.77439363978817,-1.7288973824392089,-1.825130789749178,-1.8038434683762283,-1.8039231788358137,-1.8038592070513968,-1.7904563518397405,-1.817007186961428,-1.682228544919407,-1.796270864839563,-1.815200962837081,-1.7810821167896027,-1.8132650156388384,-1.784594944113279,-1.7851879207759769,-1.774190438781044,-1.7992775579207354
2014-10-28,-1.77439363978817,-1.7285231774755256,-1.7696469109152742,-1.6990800866841964,-1.6991478690863682,-1.6990887096783711,-1.6864058210685415,-1.7115226178809528,-1.5841502908875442,-1.6920896784419133,-1.7098138345174954,-1.6775535766302547,-1.707982092385221,-1.6102247168735493,-1.6111309620935357,-1.6013795822872872,-1.624841671660544
2014-10-29,-1.7682407358493757,-1.7231855062158483,-1.81368000111138,-1.7439449477790272,-1.7440121373229118,-1.7439508629723492,-1.731005946109568,-1.7566813547378028,-1.6262206970851885,-1.7366286680194645,-1.7548864981881112,-1.7218784797948687,-1.75305792087967,-1.7529044842921366,-1.7548886807474435,-1.7467369486982172,-1.7690871542913924
2014-10-30,-1.7682407358493757,-1.72368297898502,-1.760965854940142,-1.6501843969088623,-1.650245030267292,-1.6501850190788878,-1.6379699831278969,-1.6622578922238862,-1.5385687960280396,-1.6433370079088463,-1.6605432489661305,-1.6292712823822035,-1.6588241709639615,-1.6413709784031911,-1.6433272598601918,-1.636465925549204,-1.6561741386592714
2014-10-31,-1.7682407358493757,-1.7233372919322092,-1.7189780663437668,-1.5731820841104405,-1.573232293145962,-1.5731787914103448,-1.561409951160557,-1.5847515221032482,-1.466221139789688,-1.5665685758044794,-1.568560680680866,-1.5531086097919695,-1.5814523255215915,-1.580904794863182,-1.5828284889615485,-1.5765270215016574,-1.595085677320947
2014-11-03,-1.7592756825924427,-1.71913927821756,-1.7452456329267714,-1.6017306463639909,-1.6017756762277613,-1.601721578708598,-1.5897454404256874,-1.6134812375445675,-1.4930058701948885,-1.5950740035967177,-1.6118567418019114,-1.5813288483945205,-1.6101335680939428,-1.6918494488077849,-1.6931131115993234,-1.6847955790982805,-1.706490901537913
2014-11-04,-1.7592756825924427,-1.7190653736368144,-1.692402423765767,-1.5122865541443518,-1.5123260295069094,-1.5122757677937848,-1.5009015708246338,-1.5234253551134578,-1.4092644786979676,-1.5057409971988305,-1.5218911418350194,-1.492939973331404,-1.5202462188944614,-1.5622982142177728,-1.5642541401597831,-1.558178157379012,-1.5763460277916348
2014-11-05,-1.7255119771794456,-1.7118418134805349,-1.645486953740992,-1.444389039707069,-1.4444212553574454,-1.4443733188060588,-1.4335049768010986,-1.4550625988985102,-1.345779100473674,-1.4382834960777644,-1.44541220264011,-1.4258647188911078,-1.45201474563365,-1.451264800097644,-1.4522295279002937,-1.4442791914190798,-1.4646328932271286
2014-11-06,-1.7255119771794456,-1.7104792844546528,-1.598602520654887,-1.3795168302963228,-1.3795414853072785,-1.3795011646479003,-1.3690359074850509,-1.3898115251921728,-1.284651603950437,-1.373577072760081,-1.3788278175922428,-1.361659735777734,-1.386869470559823,-1.3564768072107305,-1.3575517329179645,-1.3513547583167151,-1.3688956094460691
2014-11-07,-1.7120045874789236,-1.699156966037982,-1.5574511487663971,-1.3181073477618122,-1.3181237633508442,-1.3180855742101645,-1.3080420518059537,-1.327943661080101,-1.227158068842567,-1.3121252681203806,-1.3174459415716346,-1.3009723079334503,-1.3251320445489585,-1.3384822875028914,-1.340496121863251,-1.3373132823931224,-1.350718633819341
2014-11-10,-1.7031141004491213,-1.6947507389513194,-1.5101216302053702,-1.25338116393131,-1.2533923831483107,-1.2533555293595355,-1.2438027305002786,-1.2627894013129413,-1.1666618347875266,-1.2478040963991928,-1.2522933004621888,-1.2370384816089783,-1.2600982790489696,-1.2129232851718954,-1.2145159038193876,-1.2118926287947434,-1.2238133786084051
2014-11-11,-1.7031141004491213,-1.684960971497034,-1.4713396337975462,-1.202644826104554,-1.202677141957918,-1.2026400053893642,-1.1934450660186042,-1.211696453337983,-1.119152999664459,-1.1970060375726386,-1.2105229080546638,-1.1869156780424277,-1.2091106208355282,-1.133148323289745,-1.1346870462245706,-1.1322290292659485,-1.1435143045751683
2014-11-12,-1.7031141004491213,-1.6846810413790776,-1.4274901970396443,-1.1442609692772991,-1.1442903573557808,-1.1442531842558092,-1.1355048281870788,-1.152906212879917,-1.0645450449210858,-1.138982552917864,-1.151796934785808,-1.1292423195562875,-1.1504392579264953,-1.0688239475195327,-1.0702463757826268,-1.0675347175070815,-1.078646264722399
2014-11-13,-1.7031141004491213,-1.684191250935234,-1.3848629911191306,-1.0955697390434498,-1.0955938806082508,-1.0955596772123444,-1.0871523320276044,-1.1039025417786963,-1.0189847726520804,-1.0906511690501242,-1.0945170039059091,-1.08112688563714,-1.1015212812212725,-1.0372832778174754,-1.0388122950880447,-1.0358880385368228,-1.047029086447921
2014-11-14,-1.7031141004491213,-1.6818598883001048,-1.3430606504175926,-1.0462794417677048,-1.0463005755931374,-1.0462666765129,-1.0382125333462917,-1.054267535573442,-0.9728503107411046,-1.041511204269417,-1.0441707824734323,-1.0324221607813753,-1.0519860516342052,-1.0061848588492188,-1.0076595571241762,-1.0045535953395814,-1.0156982899890792
2014-11-17,-1.6930240578154845,-1.6772847664656123,-1.3027897923880358,-1.0035006136770723,-1.0035155174250758,-1.0034826653110225,-0.9957084469311784,-1.011182878329966,-0.9327930685045877,-0.998817930525114,-1.0014380112326016,-0.9901408013163214,-1.0089874916513757,-0.8411626582323508,-0.841786305549704,-0.8392116444533408,-0.8484296364752483
2014-11-18,-1.6930240578154845,-1.6776172626340338,-1.2645590953757824,-0.9746563813559548,-0.97467018547088,-0.9746410800198252,-0.9670488924296228,-0.982150510335448,-0.905841308346595,-0.970334142336728,-0.9732370527848134,-0.961626685977522,-0.9800101599184378,-0.790038118204621,-0.7905570974655363,-0.7881403905191772,-0.7966476597158137
2014-11-19,-1.6930240578154845,-1.6742835665252005,-1.2489799471456386,-0.9729790107736788,-0.972990439364526,-0.9729607894859608,-0.9653759516276648,-0.9804597290566676,-0.9042350165687588,-0.9682977648048002,-0.9728019359572054,-0.9599597213207762,-0.9783263592766708,-1.014225830966647,-1.0156176649702355,-1.0122787713614825,-1.023951539715844
2014-11-20,-1.6930240578154845,-1.673772680858688,-1.2195935494158594,-0.9672247106792836,-0.9672362066256114,-0.9672088464081,-0.9596652572786482,-0.9746446351905236,-0.8990621730356093,-0.9625694960799328,-0.9660917179233768,-0.9542935265310732,-0.9725314024285918,-0.9123885654927836,-0.912996988199774,-0.9098366773871436,-0.9202279572116642
2014-11-21,-1.6894564886340602,-1.658042945245057,-1.192167561414676,-0.944693715604394,-0.9447143234299284,-0.9446887204679464,-0.9372546622269936,-0.951961213301888,-0.8778898782323515,-0.9400714428945676,-0.9511595302346384,-0.9319981183353088,-0.9498923047606876,-0.9416606588232916,-0.9425206730597298,-0.9395329588071946,-0.9497968406884236
2014-11-24,-1.6894564886340602,-1.6578516602864273,-1.1658956950731911,-0.9311836794025198,-0.9311995784610952,-0.9311770427393802,-0.9237774974028182,-0.9384232100006716,-0.8647683684136742,-0.926552953343868,-0.9299928655569368,-0.918555687229807,-0.9363576427899224,-1.008314054720844,-1.0098838500040663,-1.0066290576047592,-1.0181795223646986
2014-11-25,-1.6894564886340602,-1.655866420924795,-1.1547522036032656,-0.9404685579289048,-0.9404820388099236,-0.9404599932013896,-0.9330667704606914,-0.9477790545060716,-0.8737147559905758,-0.9359255749848436,-0.9470019426654324,-0.9277758222857934,-0.9456917357145104,-1.0346649750669497,-1.0363181832003867,-1.0331216409782398,-1.0448313741257207
2014-11-26,-1.6894564886340602,-1.655847340818411,-1.1196095815816378,-0.9122074125944832,-0.9122221477977798,-0.9121997538569514,-0.9049706314502952,-0.9193450318824417,-0.8470405070344067,-0.9077830715332996,-0.9100914684851624,-0.8998024050259013,-0.9173076891895516,-0.9994095581286933,-1.001027469261617,-0.9978636008717604,-1.0092395505703726
2014-11-28,-1.6894564886340602,-1.654675798832977,-1.100185499273194,-0.9025446447029376,-0.9025589763113764,-0.902537096448287,-0.8953544641676824,-0.9096122045852442,-0.8379898511161025,-0.8981662608278864,-0.9012698711424642,-0.8902409976088498,-0.9075957035949788,-1.0046519855067275,-1.006250547023247,-1.0029813066592637,-1.014541351066779
2014-12-01,-1.6894564886340602,-1.6498296263243784,-1.067184545112697,-0.886338273958592,-0.8863567785587119,-0.8863366398369071,-0.8792192453121384,-0.8933365309288278,-0.8224832601826481,-0.881973465027579,-0.8848935155813685,-0.8741508177248122,-0.8913414691085021,-0.8352905588634433,-0.8358223593797021,-0.8326433342097517,-0.8421818808062052
2014-12-02,-1.6894564886340602,-1.649684430533677,-1.1129941127677043,-1.0398084306077493,-1.039820115054228,-1.0398012972603188,-1.0316353810480323,-1.04776614877833,-0.9669230337154971,-1.0347055030377483,-1.0380341931000137,-1.0258719982174862,-1.0454991301590455,-1.1447819138040798,-1.1465312183869436,-1.1433638047299388,-1.1557988486651016
2014-12-03,-1.6894564886340602,-1.6458886105093464,-1.1074716399930702,-1.037574195341232,-1.0375785083453717,-1.037561666524489,-1.0293070361014978,-1.0455766266022828,-0.9641414915250522,-1.032407384296916,-1.0353898741500696,-1.0235062750246675,-1.043295232618979,-1.1226901273480978,-1.1244726798688682,-1.1217023370499877,-1.1335636315918471
2014-12-04,-1.6894564886340602,-1.6434612008784613,-1.084804675458387,-1.0080568073301768,-1.0080521976884504,-1.0080364601767409,-0.9999804061516182,-1.0158436750881967,-0.936358865733748,-1.0028537994302713,-1.004134764170203,-0.994305473051086,-1.013620808843955,-1.0305594110096437,-1.0316829262658194,-1.0295425516975951,-1.0384257720678556
2014-12-05,-1.6894564886340602,-1.643909514725308,-1.0527047444896538,-0.9753836952577546,-0.9753846571170371,-0.9753670468893022,-0.9675882036407862,-0.98296905529101,-0.9057631485693955,-0.9705091240226558,-0.9739778898947162,-0.9620423578164744,-0.9808074382781012,-1.0180593330026442,-1.0196406528194597,-1.0165758106128897,-1.027936423168796
2014-12-08,-1.6760944844881331,-1.6311276069281735,-1.023866006833661,-0.9405121636254496,-0.940533842960577,-0.9405105007635086,-0.933032600198066,-0.947887726785628,-0.8729146413305453,-0.9352915742623956,-0.9389759450688496,-0.9275631032958984,-0.94579572877545,-0.9837797568751924,-0.9853095866889876,-0.982130638899888,-0.9934316226720894
2014-12-09,-1.6570374584330727,-1.6285980885875606,-1.0418419393643474,-1.0195064463313226,-1.0195283186109632,-1.0195006184096105,-1.0114674225651992,-1.0274910269002189,-0.9464143267466382,-1.01360823836302,-1.0196434479326653,-1.0055189885270437,-1.0252248616071706,-1.0875182246379205,-1.089324030460044,-1.086059127422451,-1.0986216933855637
2014-12-10,-1.6570374584330727,-1.6286941706175455,-1.015490580310882,-0.9907686572121248,-0.9907848914150176,-0.9907604374591064,-0.9829288534618776,-0.9985027459583302,-0.9197572429141976,-0.9854162883538474,-0.9875406946075764,-0.977166543909328,-0.9963049325281356,-1.0365260386650703,-1.038105448395087,-1.035076779405271,-1.046712349324723
2014-12-11,-1.6760944844881331,-1.6315889965735983,-1.1986279746259925,-1.3442010857218851,-1.3442151273581355,-1.3441877335727912,-1.3336189789530302,-1.354472091239484,-1.2492019316454084,-1.3368235825457468,-1.343782551478502,-1.3260135889441005,-1.3515457333919578,-1.4291936232518487,-1.4317086977417015,-1.4274621120118836,-1.4429708301331112
2014-12-12,-1.6760944844881331,-1.6284042707966186,-1.178313765586522,-1.2873902376152366,-1.287416476757157,-1.2873896201400377,-1.2772971490977705,-1.2972313115017542,-1.1966815079085529,-1.2804483831665638,-1.2845481274123158,-1.270078371497554,-1.2944358544602517,-1.3024478867803182,-1.3047371726701833,-1.3019858640894852,-1.3149429506491064
2014-12-15,-1.6760944844881331,-1.6314641713700937,-1.274106557975656,-1.4681095748177218,-1.468139497999528,-1.4681055524745237,-1.4566950030947727,-1.479238678469406,-1.3652653217642912,-1.459508694779062,-1.4664462646712384,-1.4484894915407425,-1.476094152602418,-1.566673986157702,-1.5689177737969988,-1.5620460769666615,-1.5820215546953689
2014-12-16,-1.6760944844881331,-1.632690288589451,-1.2809566058432242,-1.464051606391235,-1.4640734089980036,-1.464043625678651,-1.4526157810914435,-1.475133845755298,-1.361381404465499,-1.4544144999603388,-1.464431463584028,-1.4444342305823024,-1.4720041246687758,-1.5744455809218767,-1.5769182501553267,-1.5703430155207412,-1.5897154477244757
2014-12-17,-1.6760944844881331,-1.6324158987233155,-1.312351484188093,-1.506912501410414,-1.5069588055896592,-1.5069233355176828,-1.4951869458854914,-1.5182216254201206,-1.4017487425475517,-1.498269484009884,-1.5177227024394098,-1.4868364928171014,-1.5150349963579564,-1.64292384817455,-1.6453338265846966,-1.6376089042118795,-1.658856479278886
2014-12-18,-1.6760944844881331,-1.633403550547169,-1.5184936793688837,-1.7729799412921412,-1.77302012186113,-1.7729824894316248,-1.7592103735929148,-1.7862050398242173,-1.6500738141665796,-1.7608790704811017,-1.7784757548059005,-1.7495294030397084,-1.7824711147461254,-1.7916157464496707,-1.7935562512029977,-1.7831786723424148,-1.8092787826644243
2014-12-19,-1.6760944844881331,-1.6349887871514397,-1.7384889241193715,-2.0571914171787107,-2.0572250640628917,-2.057183425868981,-2.0412638728341537,-2.0724803139558423,-1.915169220290081,-2.044740894652771,-2.0717341215321463,-2.030071776458762,-2.0681581803332194,-1.8172253863315893,-1.8197668293097624,-1.810619767624068,-1.8353410828072705
2014-12-22,-1.6760944844881331,-1.6348212004981135,-1.6934645022906674,-1.9080754936578228,-1.908094743071323,-1.908058361101422,-1.893203243161262,-1.9223228757112487,-1.7757436257540091,-1.897320671820688,-1.9216175634533048,-1.88278167488158,-1.9182917376643076,-1.7253711377664254,-1.7272427344397774,-1.7189999245473089,-1.7413982740580751
2014-12-23,-1.6760944844881331,-1.6336533192907832,-1.6482045897414426,-1.7733979525129642,-1.7734093060298022,-1.7733731030335242,-1.7596060536620075,-1.786691555028015,-1.6499561655167412,-1.763806855277844,-1.7738406546739258,-1.7498099437886234,-1.7829335058304925,-1.6374319901075536,-1.639999608012567,-1.6334925031394465,-1.653150965220947
2014-12-24,-1.6760944844881331,-1.630972738601629,-1.5983215520156815,-1.6547563620696537,-1.6547476919187225,-1.654721801597277,-1.6417640147220156,-1.6672411636451252,-1.5389845718890895,-1.6462434722038148,-1.6506603024213482,-1.6325822754767667,-1.663699501750009,-1.534959712211843,-1.537557491646005,-1.5321546224888918,-1.5497241091862073
2014-12-26,-1.6760944844881331,-1.6305243361890258,-1.5499442263915584,-1.5409429304339437,-1.540934087903543,-1.5409099762746092,-1.528762642905926,-1.55262311656651,-1.4326604308467072,-1.5327338697338126,-1.5520247078365326,-1.520188415149628,-1.549311505093712,-1.3598209766563931,-1.361750894310569,-1.3577164904337835,-1.372350124072371
2014-12-29,-1.6626117872580704,-1.6266250023230882,-1.516914643158568,-1.4582039442072827,-1.458173867257249,-1.4581553790391315,-1.4465797111820506,-1.469295593002773,-1.3553295195395885,-1.4504021735943369,-1.4687098452732943,-1.4384402431890349,-1.4661431910054312,-1.3418124475590083,-1.343483080736969,-1.3400709256979562,-1.353791995588717
2014-12-30,-1.6626117872580704,-1.626799969680998,-1.470808187901118,-1.36188832086052,-1.3618708564696316,-1.361850510845227,-1.3509793720108854,-1.3722992269767122,-1.2654008483423531,-1.354760473315085,-1.3717822136866182,-1.3433522144704173,-1.3693440034638762,-1.211047557327071,-1.2125801191414571,-1.210172566312063,-1.2220496619730952
2014-12-31,-1.6626117872580704,-1.627371538141021,-1.4432725133227895,-1.3214486346469496,-1.3214391887014338,-1.321418561554871,-1.3108384275360043,-1.331576211472215,-1.2276650281667163,-1.314602034255151,-1.3198623494496378,-1.3034365570162008,-1.3287051322734191,-1.2247063570674654,-1.226663390388774,-1.2241153404950054,-1.2362979000156475
2015-01-02,-1.650264086090778,-1.6166473790575502,-1.4510599662074453,-1.3742191674411322,-1.3742209380977397,-1.3742032199582548,-1.363135370263893,-1.3847896507757271,-1.2765585034729845,-1.3673122733715408,-1.3747333416759635,-1.355443098354098,-1.381791511663793,-1.3259785568105231,-1.3275439066947483,-1.322769674380249,-1.337968943541428
2015-01-05,-1.650264086090778,-1.614788927606868,-1.4076128999956825,-1.2939045936284668,-1.293897496321164,-1.2938815745869054,-1.2833975796048012,-1.303881188332922,-1.2016714636606038,-1.2869627809754511,-1.2933793843446728,-1.276158117344929,-1.3010494380133686,-1.2280488134480658,-1.229664921429937,-1.2270358288122665,-1.239452044252786
2015-01-06,-1.6626117872580704,-1.6181146128911583,-1.529489417454635,-1.573344326783302,-1.57333615059704,-1.5733176673401574,-1.5606675468461109,-1.5852690840533163,-1.4626734581997056,-1.5650824617168184,-1.5709500640545,-1.5520761026569012,-1.581888070960774,-1.6254063475492966,-1.6277715152834484,-1.6195022876827962,-1.641646772180143
2015-01-07,-1.6626117872580704,-1.6194258383598894,-1.5469952504767936,-1.6040714602974058,-1.604063339867,-1.6040450504052184,-1.5910971552648283,-1.6161754285060317,-1.4914504346793072,-1.5953246461912298,-1.6016646719515577,-1.5824236642369656,-1.6127491402818064,-1.6551162913042232,-1.6574778329214328,-1.6490600231226809,-1.6713058783182786
2015-01-08,-1.6626117872580704,-1.619517886792278,-1.5762040131203934,-1.6145016469463642,-1.6145012371164456,-1.6144780549413007,-1.6015509247444089,-1.6266585542631888,-1.5014030194749817,-1.6050888010486437,-1.6262022058537993,-1.5928119663714433,-1.6232307473209735,-1.6810501043849344,-1.6833929595050097,-1.6747890356381994,-1.6974634489996512
2015-01-09,-1.6626117872580704,-1.6163171676452976,-1.6914965793219063,-1.779154613156619,-1.7791788925786596,-1.7791514872260423,-1.7649986526857162,-1.7924053785667555,-1.6555845067132398,-1.767369928863446,-1.7919410597118663,-1.7555287479097057,-1.7886712300672076,-1.7549219662588529,-1.7566037129729406,-1.7465143647561097,-1.771674570868994
2015-01-12,-1.6626117872580704,-1.6177849993929545,-1.6684727527822465,-1.715882321282372,-1.715901250155218,-1.7158722777113558,-1.7022612087566278,-1.7286758039931331,-1.5965399425311972,-1.7048059643725186,-1.7137410876646333,-1.6930784455944288,-1.7250701371323036,-1.7189214487551217,-1.7212979594451254,-1.7128164585078969,-1.7355889832548073
2015-01-13,-1.6626117872580704,-1.6193832509313846,-1.6515597963021482,-1.6702233457820144,-1.670235931185052,-1.6702086023211538,-1.6569452437614494,-1.6827270864246622,-1.5537415873781593,-1.661004966278093,-1.667884775335812,-1.6479535508779142,-1.6791988397374578,-1.699750893723197,-1.7021257271504888,-1.693846192937503,-1.7161682544815942
2015-01-14,-1.6626117872580704,-1.619633379902125,-1.6026013166217807,-1.5568531159238512,-1.5568642190780102,-1.556838935277552,-1.5443930252447864,-1.568577671278399,-1.4477710555446048,-1.5481615988761304,-1.5547434466614984,-1.5359826203980809,-1.565270364268323,-1.5996526478844475,-1.6020313687741483,-1.5949589927226968,-1.6149673011223786
2015-01-15,-1.6626117872580704,-1.6198653726099768,-1.5683833907747369,-1.490084754355475,-1.4900793977960678,-1.4900583253143007,-1.478103327157514,-1.5013510146548563,-1.3853566789801306,-1.4819509540909197,-1.4893317059701905,-1.4700254901543264,-1.4981625450002851,-1.516218493857172,-1.5177560556196443,-1.510878558826358,-1.5297568360578626
2015-01-16,-1.6626117872580704,-1.622207537734739,-1.596634708214819,-1.5638179670474406,-1.5638213893322723,-1.563798369604522,-1.551326029496804,-1.57556450098416,-1.4545457022600972,-1.5547403384452585,-1.5633112334456245,-1.5428887874243955,-1.572252715577255,-1.6805730535662755,-1.6828373952093818,-1.6741514877264048,-1.696773395681661
2015-01-20,-1.6626117872580704,-1.6222473495410492,-1.6417426309849534,-1.6187684745177715,-1.6187794210061155,-1.6187541052028245,-1.6058528218342965,-1.6309301741285316,-1.5057156998095174,-1.6095517744390757,-1.6167523396036838,-1.5971315696494186,-1.6275088721874709,-1.7262989584795243,-1.7285087710950284,-1.7192216268182223,-1.7430421878082425
2015-01-21,-1.650264086090778,-1.612492234887844,-1.596244488480533,-1.5083650070649843,-1.5084157414612145,-1.508389099957539,-1.4962451444493754,-1.5197754351758914,-1.4026178088318066,-1.4995558451241766,-1.5062177482767765,-1.4881404260622837,-1.5165739271395628,-1.6004824445614103,-1.6025469608952212,-1.5942136774928055,-1.6158143508241936
2015-01-22,-1.650264086090778,-1.6125579367009362,-1.554812986629358,-1.4142418363988245,-1.4142820664514817,-1.414258992009173,-1.402797118260086,-1.4249791771056926,-1.3146321774013152,-1.4061354480037436,-1.4122468487924,-1.3951693967602543,-1.421962062802098,-1.5234986599076423,-1.525783219556866,-1.5193298544424003,-1.5379351644155077
2015-01-23,-1.650264086090778,-1.6130772981324577,-1.6457174491668611,-1.5792016295749565,-1.57924150217835,-1.579215209599528,-1.5665274670241307,-1.591108187180175,-1.468818741486681,-1.5700433010911263,-1.5737209161715375,-1.5580961942097515,-1.5877587033831888,-1.712529878399606,-1.714705718888693,-1.7050513944255716,-1.7292781565918167
2015-01-26,-1.650264086090778,-1.6104138593724382,-1.5975485306142811,-1.4898157763949924,-1.4898425168168614,-1.4898223234844334,-1.4777469136940666,-1.501115395665943,-1.385058635204048,-1.4807360561626877,-1.4841520727959898,-1.4697379529803367,-1.497937708100711,-1.5993254460451274,-1.601660576135075,-1.5939901393783382,-1.614759112584728
2015-01-27,-1.650264086090778,-1.6083327305364077,-1.5528073734775565,-1.391616899975311,-1.3916772291720452,-1.3916545615786684,-1.3803157853937706,-1.4022469304197296,-1.2932790568046788,-1.384286861747678,-1.4020227059767965,-1.3727675972258042,-1.3992665333338112,-1.496149611463322,-1.4984824639856245,-1.492348274721233,-1.510493248908118
2015-01-28,-1.650264086090778,-1.6120825879582987,-1.6423078555358892,-1.6185297088416488,-1.6185885030033915,-1.618566862567572,-1.6055011705953006,-1.6306635304710697,-1.5057693630335194,-1.6095371661702929,-1.6155440650890085,-1.5968987310934926,-1.627256103096854,-1.721899691827829,-1.7240939778940525,-1.7142423961829467,-1.738805498980912
2015-01-29,-1.650264086090778,-1.6142907292681423,-1.6578994315400282,-1.667750400792977,-1.6678050059083165,-1.6677856797949002,-1.654210558587078,-1.680289017175798,-1.551019425003452,-1.6574163784261708,-1.6801393034329848,-1.6453239191226203,-1.67677021231422,-1.725816785112209,-1.7280118816014685,-1.7185067648750365,-1.7426271369284398
2015-01-30,-1.650264086090778,-1.613764549223926,-1.653439659622706,-1.6211981673457825,-1.6212389335512791,-1.621222484130587,-1.6080486883475298,-1.6333710104611407,-1.5077343838259465,-1.610206437352521,-1.6189841581344513,-1.599413235740947,-1.629961294202693,-1.6770491961086205,-1.6778787564008024,-1.6662981073875724,-1.6923400145584444
2015-02-02,-1.650264086090778,-1.614497496692541,-1.6710308447140625,-1.668263609505091,-1.6682962527140268,-1.668282559716695,-1.6547105180325434,-1.680761410144174,-1.551652597450927,-1.6569415915254984,-1.6806393377820652,-1.6458714058281354,-1.6772629601240778,-1.699958183657114,-1.7008385960085188,-1.6896060724460982,-1.7152866182054494
2015-02-03,-1.650264086090778,-1.613644303658899,-1.6784956257437662,-1.6528070597111926,-1.6528269449862174,-1.6528178852070283,-1.6392833812855694,-1.665202113947926,-1.5370600647725838,-1.642716854802762,-1.650273444318317,-1.630550407652207,-1.6617318214344032,-1.6865397759664078,-1.6874438930023428,-1.6765583426392583,-1.7017383439168616
2015-02-04,-1.650264086090778,-1.6136231087090327,-1.7046649694751226,-1.6738105463582886,-1.6738209590536106,-1.6738150787860346,-1.6600652733949302,-1.6863501633626476,-1.5566515328646136,-1.6642049590316323,-1.6707632658083489,-1.6512669869459171,-1.6828411674969954,-1.7024346548782163,-1.7033833088642176,-1.692643608088528,-1.7175431382304789
2015-02-05,-1.650264086090778,-1.6131215985375045,-1.6579173068127573,-1.5676915453018982,-1.5677243273475967,-1.5677038233432727,-1.554886738687617,-1.579342031730064,-1.4581411009863674,-1.5570402544803514,-1.577826683345288,-1.5466902283096862,-1.576088330970071,-1.6218088527851382,-1.6227161506013663,-1.6117241286488106,-1.636615893737841
2015-02-06,-1.650264086090778,-1.6122222690696455,-1.6593533328422532,-1.546287845493758,-1.5463072573036991,-1.5462890411137786,-1.533634467977229,-1.5577907742349586,-1.438095956253676,-1.5360660261713253,-1.5435029320708036,-1.5255358039411175,-1.5545831200253948,-1.6437103346345483,-1.6445359824119978,-1.6331594789876969,-1.6586707433898067
2015-02-09,-1.650264086090778,-1.6130288265660395,-1.6164144145170898,-1.4597503798247349,-1.4597586139913263,-1.4597448330263745,-1.4477446271433347,-1.4706870469553164,-1.357091455863444,-1.450801558855616,-1.4565645462144603,-1.4400396792640466,-1.4676309454338607,-1.5789873406439887,-1.5797965120887347,-1.568675335816395,-1.5938297997160982
2015-02-10,-1.650264086090778,-1.613196923720541,-1.575727679998889,-1.3857141954779817,-1.3857174591019097,-1.3857054065347247,-1.374324878812658,-1.396175996855978,-1.2878287988230572,-1.3779474690223792,-1.3805159773556015,-1.36691661973344,-1.3932554094171834,-1.462683466173213,-1.4634095007389547,-1.4537893204109693,-1.4761861598557386
2015-02-11,-1.650264086090778,-1.612716872938314,-1.599844629785076,-1.4285635907076597,-1.4285651107282409,-1.4285526109954667,-1.4168365565657923,-1.4393483900168986,-1.3277210318514918,-1.4206757347922796,-1.4260556382151204,-1.4091912329654963,-1.436342282901566,-1.6123494976974433,-1.6131331727240992,-1.6014048381628283,-1.6273892340356413
2015-02-12,-1.650264086090778,-1.6129220085837992,-1.552128621535075,-1.329956372705159,-1.3299568786830982,-1.3299467230308286,-1.3189346662895325,-1.3400828716478077,-1.2355517277291983,-1.3230460066758762,-1.3275932435634246,-1.3117995095950885,-1.3372555177097856,-1.5007607769158433,-1.501580992973658,-1.4911909412152666,-1.5152491072772465
2015-02-13,-1.650264086090778,-1.6112046790545853,-1.564731912183336,-1.3569402724756026,-1.356937884454569,-1.3569264667551308,-1.3457616037929907,-1.3673128780859234,-1.2608126954977716,-1.350224530510813,-1.35476216434107,-1.3384702713696153,-1.3644190845801738,-1.576343318766942,-1.5771576697511112,-1.5657463588353897,-1.591289688670496
2015-02-17,-1.648852791741331,-1.6017628607092096,-1.5346425295615445,-1.29434555808491,-1.2943965271709348,-1.294386054130381,-1.283592923641068,-1.304273689488149,-1.2024476086244495,-1.2871961925971345,-1.2926013411885404,-1.27669539344307,-1.3015167965293692,-1.5037554725832836,-1.5045818543502394,-1.4939864017680615,-1.5184681202003265
2015-02-18,-1.648852791741331,-1.6006376778983,-1.4888888887700131,-1.2097738809779708,-1.2098189577628402,-1.2098080278102616,-1.199719373326961,-1.219091003510527,-1.1236018964780443,-1.2034028245374984,-1.2066769651559892,-1.193229191513312,-1.21650625634515,-1.3653594874732082,-1.3663837512535442,-1.358925669482517,-1.3784124363474188
2015-02-19,-1.648852791741331,-1.5997674107398336,-1.4437113626656015,-1.1367426150764888,-1.136782303732884,-1.1367702782743487,-1.1272930466021716,-1.1455408667287328,-1.055488258636508,-1.1308859496460202,-1.14544702484832,-1.12114907513832,-1.1431016790096806,-1.2179632321536262,-1.219273025408132,-1.2156224134679547,-1.2281091350058628
2015-02-20,-1.648852791741331,-1.5998154581756532,-1.4007620043080002,-1.0797951352755724,-1.0798276307771155,-1.0798169273625895,-1.0708056616612698,-1.0882014172767616,-1.0022577537191972,-1.0741206865097963,-1.0881303497348664,-1.0649030585303454,-1.085870697599533,-1.1105921019179474,-1.1118554809517809,-1.1098049653708983,-1.1190342673554432
2015-02-23,-1.648852791741331,-1.5995977311972769,-1.381008239643808,-1.068269743242825,-1.0682999514286993,-1.068289208118704,-1.0593469132096778,-1.076599952711398,-0.9913606606915144,-1.062594546433689,-1.0765521261054811,-1.0534914021904704,-1.0742895915744677,-1.1020824162283522,-1.1034559541465052,-1.1016336949153127,-1.1102917403374866
2015-02-24,-1.648852791741331,-1.5997408462352476,-1.3390124851552547,-1.0137462688573406,-1.0137731660870488,-1.0137616705542738,-1.0052414811393702,-1.0216932060334505,-0.9404191821726904,-1.0083762257942317,-1.013393476872465,-0.9996532604878234,-1.0194882204672282,-1.0206449852311703,-1.0216809520838286,-1.019424020130406,-1.02851255506462
2015-02-25,-1.637277277647602,-1.5958710843150337,-1.3009687029910917,-0.9687037667953452,-0.9687361257150952,-0.9687254707165548,-0.96050817566475,-0.976350026443118,-0.8982303695944504,-0.9635308841691628,-0.9677202812504784,-0.9551429014039876,-0.9742290635304752,-0.9675314262724332,-0.9683777994889652,-0.965677739488542,-0.9752749839130616
2015-02-26,-1.637277277647602,-1.5957392909970958,-1.2614852256864828,-0.931239610659756,-0.9312689349923384,-0.931255497266756,-0.9233889711551078,-0.9386137566378906,-0.8632417801544482,-0.926324851105902,-0.9363218084486584,-0.9181649490948722,-0.9365711310597492,-0.933512646104445,-0.9342996229549728,-0.9310494164401296,-0.9413157394490788
2015-02-27,-1.637277277647602,-1.5946513942129503,-1.2242567061826657,-0.9083271880850546,-0.9083522835501656,-0.9083385304322372,-0.9007058414931554,-0.9155762685574236,-0.8417887359332501,-0.903433171233641,-0.9155913635609284,-0.8955381282714691,-0.9135737088444794,-0.917298791300388,-0.9180913961833644,-0.9144387896491069,-0.9253087891222836
2015-03-02,-1.637277277647602,-1.5918456779998886,-1.1974666174434236,-0.9198623138776632,-0.9198880875285076,-0.9198747688079671,-0.912135155827414,-0.9271856897222812,-0.8526029942326031,-0.9148427836224244,-0.9272047288067412,-0.9069231883317436,-0.9251616757569138,-0.9324633431182184,-0.9332650403565856,-0.9298996563247942,-0.9404886166277858
2015-03-03,-1.637277277647602,-1.5918421533083331,-1.1999001284154869,-0.9618829827663788,-0.9619067348808342,-0.9618915210731294,-0.9538733541454422,-0.9694741278496836,-0.8920927193212269,-0.9564731337736456,-0.9694959320881618,-0.9484830846444214,-0.9673810368142484,-0.9877323442450088,-0.988694670507204,-0.9858702350188684,-0.9957323860139562
2015-03-04,-1.637277277647602,-1.5910140975801086,-1.1813390037450977,-0.9860973552358658,-0.9861165692624098,-0.986100310911362,-0.9779334070512884,-0.9938700789766718,-0.9147086033451493,-0.980892980368951,-0.9827810064488044,-0.9723985726384038,-0.9917279632524852,-0.9982290456634908,-0.9992835623032787,-0.996836888367662,-1.0062186537796345
2015-03-05,-1.637277277647602,-1.5911113732075657,-1.1539099544422748,-0.9820655519005076,-0.982076924095722,-0.9820618297946788,-0.9738661050162452,-0.9898362876508204,-0.9105221060417052,-0.9765991711650768,-0.9804061204918756,-0.9682986909510372,-0.9876899622083566,-0.9323909915278432,-0.9335894985862526,-0.932541625762938,-0.9394436079614948
2015-03-06,-1.637277277647602,-1.587753734375813,-1.1221763706262085,-0.9423816330326632,-0.9423770525043812,-0.9423623472879908,-0.93445795834635,-0.9498435704697842,-0.8733516954763352,-0.9369123472241146,-0.9407687711734828,-0.9290550908080022,-0.947779007727452,-0.8941625649241948,-0.8951369190935037,-0.8934729712948805,-0.901194816490866
2015-03-09,-1.637277277647602,-1.5900383152564563,-1.2028588759360297,-1.216352377207411,-1.2163550022847915,-1.2163336598484276,-1.2063084774929969,-1.2257622552270893,-1.1288857868270767,-1.208927746256265,-1.2145240969066,-1.1995140223733385,-1.2231755978114385,-1.3309654665096515,-1.331796770976058,-1.3228547939865725,-1.3441453725280634
2015-03-10,-1.637277277647602,-1.5864951530476952,-1.1746865391364028,-1.1502419884829225,-1.1502945991048266,-1.1502720620001683,-1.1407184960464445,-1.159237327345646,-1.06732171528797,-1.142724936885401,-1.147745084368056,-1.1343247251189374,-1.156776522766921,-1.2434017736711709,-1.2443154109329972,-1.236615568738477,-1.2559842592948254
2015-03-11,-1.648852791741331,-1.5904907575009384,-1.3286942637925,-1.5077347763422035,-1.5077937032541853,-1.5077702955854513,-1.4954419655224838,-1.5193290764229497,-1.4012032400996095,-1.4986905481332478,-1.504896853239381,-1.487281943728174,-1.5161420059878563,-1.5348759176452351,-1.5359073333171245,-1.5259220726394465,-1.5492957212630472
2015-03-12,-1.648852791741331,-1.5906354075843934,-1.2906702549061986,-1.3997027084854945,-1.3997641649536308,-1.3997420661736215,-1.3882410028599708,-1.4105474003988232,-1.300130368619408,-1.3917921820625374,-1.3975134046985644,-1.3805600888677776,-1.407564208824316,-1.426622663301594,-1.4275841258158164,-1.4182582909493486,-1.440555546439985
2015-03-13,-1.648852791741331,-1.5883879726220196,-1.323670697909542,-1.4277093270947487,-1.427780013926025,-1.4277607341503311,-1.415966174442164,-1.4387842860617577,-1.326075640296671,-1.4199981011612062,-1.4389759430324276,-1.4081403318286747,-1.435735077655622,-1.473954096264887,-1.4749209131955732,-1.465303893924643,-1.4879972462361468
2015-03-16,-1.648852791741331,-1.5894168941263025,-1.3006711908614703,-1.3714265832751964,-1.3714906435331535,-1.3714717574570638,-1.3601336995550672,-1.3821058857159556,-1.2734942408427716,-1.363930662487389,-1.369374026710804,-1.3525679853572872,-1.379160929657738,-1.4290485802766737,-1.4299840038407052,-1.420719873746373,-1.442948446962149
2015-03-17,-1.648852791741331,-1.5896158502366933,-1.3596019217927604,-1.4478519669416596,-1.44791253769229,-1.447892225871957,-1.4360171361118976,-1.4590398359229908,-1.3450677825961388,-1.4391273674133254,-1.459214636113492,-1.4280852977509455,-1.4559584236977292,-1.5190444779868044,-1.5200424121852345,-1.5100565332853362,-1.5334773892909448
2015-03-18,-1.648852791741331,-1.5899707818200557,-1.318638429663769,-1.3507605201476558,-1.3508098699926128,-1.350792426700994,-1.339654716703874,-1.3612341960067411,-1.2544119465779386,-1.3424903264595918,-1.3483359764865188,-1.3322193312461152,-1.3583481805781774,-1.4198262452668218,-1.420774403383891,-1.411480811007259,-1.4337034518474243
2015-03-19,-1.648852791741331,-1.5895757594390534,-1.3481589349483438,-1.3842065700973816,-1.384273687592393,-1.384258108546948,-1.3728596722349025,-1.3948644552198728,-1.2864707969173943,-1.3751959794308104,-1.382042839833188,-1.3654822888423892,-1.3919368310652571,-1.4733696178949254,-1.4743569472754352,-1.4647920935623988,-1.4875326999930196
2015-03-20,-1.648852791741331,-1.5897852424069367,-1.308457043416114,-1.3067268284581202,-1.3067790973854785,-1.3067663289581268,-1.2959804658296143,-1.31683669078035,-1.2140326041083205,-1.2984537313475135,-1.3042425772995274,-1.2889477267469294,-1.3140625821355134,-1.3903597863581796,-1.391320150196409,-1.3823682742268355,-1.4039497535585836
2015-03-23,-1.648852791741331,-1.589752208899427,-1.3077589502504887,-1.2857748813994865,-1.2858182383947323,-1.2858053393462394,-1.2751675040344457,-1.2957203328407605,-1.1944424569346324,-1.277496136144519,-1.295967500207698,-1.268247892430197,-1.2929908316804466,-1.3667670536419751,-1.3678142846288168,-1.3584139600645309,-1.3805643479566283
2015-03-24,-1.648852791741331,-1.5900510205284408,-1.2716407425178846,-1.2136464035089694,-1.2136810688777362,-1.2136680917734877,-1.203546240873607,-1.2230804356531633,-1.1268696369596416,-1.2052365533173448,-1.2233511938325192,-1.1969762955063803,-1.2204889629016422,-1.3186257900281353,-1.3195758013772554,-1.3110963456405855,-1.331768438608109
2015-03-25,-1.648852791741331,-1.5908974603775872,-1.2473732102287485,-1.1869316697741292,-1.186962486682802,-1.1869472719206822,-1.1770608967136869,-1.1961508876283675,-1.1019570734624902,-1.1781638123503486,-1.1851737322025688,-1.170608660681234,-1.1936205704616647,-1.293039165086157,-1.2938799132183243,-1.2854599844516743,-1.3057677438268045
2015-03-26,-1.650264086090778,-1.5951341003390307,-1.4379854985802438,-1.616844565376757,-1.6169440187315418,-1.6168736014944516,-1.6039104830121815,-1.6290164205914497,-1.504514987694635,-1.605651223029645,-1.6142162170349683,-1.5953665227119878,-1.6257357186551595,-1.661151909104613,-1.6620735782850886,-1.6499360863780856,-1.676745229260139
2015-03-27,-1.650264086090778,-1.5951180807768228,-1.3979335332268537,-1.5017175544094123,-1.5018000543222816,-1.5017344442823282,-1.4896575941426853,-1.513044974348425,-1.3970249306411262,-1.4910190609907663,-1.5135861039103151,-1.4816780399944207,-1.5099874331506375,-1.552566686165661,-1.5534792010252254,-1.5422513039004282,-1.5674840236433885
2015-03-30,-1.650264086090778,-1.594082742616325,-1.3650814916944578,-1.4012982647935224,-1.401365862920756,-1.4013050834547718,-1.389973251380504,-1.4118737850988767,-1.303348088536256,-1.391033808541886,-1.4002923953134825,-1.382516185109517,-1.4090166954545518,-1.470842433788392,-1.4717455500691077,-1.46141921613019,-1.4854802972986385
2015-03-31,-1.650264086090778,-1.5931447622062145,-1.4062350671418693,-1.454343137461526,-1.4544063272003045,-1.4543411687668122,-1.4425293135042334,-1.4653611367458743,-1.3521076629392788,-1.4440436798912868,-1.4658872250839754,-1.434731899272556,-1.462375149719517,-1.5733275960638735,-1.5742415518778536,-1.5628267701273757,-1.5882981394039997
2015-04-01,-1.650264086090778,-1.5932670126622166,-1.4123067876820514,-1.4723520474013545,-1.472476906771402,-1.4724084610609909,-1.4604234225762294,-1.4835971303900533,-1.3687554863788796,-1.461916565368263,-1.468040661915095,-1.452506792039667,-1.480563609345678,-1.598184962145985,-1.598835029798807,-1.5864263249030044,-1.6136157409367713
2015-04-02,-1.650264086090778,-1.5930777516700405,-1.379200167835306,-1.3924484019694594,-1.3925614108354123,-1.392496323348308,-1.38116415165548,-1.4031127999147806,-1.2941571256902666,-1.382836444441684,-1.4035940171275798,-1.3736078889022891,-1.4002343296592676,-1.5293411930874568,-1.5302764610426396,-1.5192437861458066,-1.5442637593639668
2015-04-06,-1.650264086090778,-1.5931721797692713,-1.3408189040403624,-1.299491259716686,-1.2995857507352682,-1.2995263009250373,-1.288886748820923,-1.3094777569237055,-1.2073258479137106,-1.2905381177189457,-1.296476671510102,-1.281796762968348,-1.3067762288149285,-1.4206442090758689,-1.42142858428411,-1.411033976679632,-1.4356086964594068
2015-04-07,-1.650264086090778,-1.5926372153272148,-1.3252383988115126,-1.2560344277724578,-1.256116969557434,-1.2560590152789954,-1.2457456323907168,-1.265694290927546,-1.1666616328091592,-1.2470769537468018,-1.254054380513025,-1.238865329541208,-1.2630838520933385,-1.3571822269098797,-1.357920058317709,-1.3491664228540716,-1.370173584508879
2015-04-08,-1.650264086090778,-1.5924432761700285,-1.286807062283336,-1.184930511924805,-1.1850011405108922,-1.1849461744354215,-1.175180670909547,-1.1940604939469788,-1.100333942457501,-1.1765343551041194,-1.1830486471936,-1.1686678696239334,-1.1915923888966826,-1.2760272168822486,-1.2770536315666647,-1.2703148172025212,-1.2883589198566885
2015-04-09,-1.650264086090778,-1.5923368003606606,-1.266821748003157,-1.147361517911485,-1.147424380929135,-1.1473715060432654,-1.137965188397279,-1.156186015720242,-1.0655385582006518,-1.1390055213908148,-1.1460735244396385,-1.1316237528833235,-1.153799188777063,-1.2170537773651031,-1.2184114648303477,-1.214363256511806,-1.227450905066322
2015-04-10,-1.650264086090778,-1.5904511454977583,-1.2422282463180954,-1.1030904019753671,-1.1031425150940926,-1.103089907610337,-1.0940367428693472,-1.111595504391287,-1.0242261351578426,-1.0949698332249551,-1.1012039014944432,-1.087923967595264,-1.1092987758065864,-1.0763937019295111,-1.078057671110289,-1.0769927490570834,-1.0844706742332515
2015-04-13,-1.650264086090778,-1.5887845174392654,-1.2194514243390309,-1.07174683550745,-1.0718818544924518,-1.071803086239982,-1.0630512053584873,-1.0801988513164609,-0.9946463982902272,-1.0638957349541875,-1.07000927690374,-1.0569672974685462,-1.0779548074066234,-1.0243899301272976,-1.0259797648482925,-1.0254764708447337,-1.031932501215215
2015-04-14,-1.650264086090778,-1.5885927309360928,-1.188755221742383,-1.050222129669817,-1.050359325639897,-1.0502777742920466,-1.041624708843626,-1.0585430699759055,-0.9742274498033242,-1.0425128503668322,-1.0486029171688531,-1.035658169069159,-1.056321579510934,-1.0020959155429985,-1.00324030138115,-1.0012510051292598,-1.0098456079759228
2015-04-15,-1.650264086090778,-1.5886020768157851,-1.1525983782044402,-1.0053782704410217,-1.0054950426122222,-1.0054252153030263,-0.9971063618617444,-1.0133390199146672,-0.9324869230864254,-0.9980727979300068,-1.004139283909063,-0.991385530238978,-1.0112103463418842,-0.9403479363498451,-0.9415034734492354,-0.940278638120021,-0.9474448695073576
2015-04-16,-1.650264086090778,-1.58860559052184,-1.14286339404801,-1.00422253472643,-1.0043361641981643,-1.0042674322296925,-0.995958949615144,-1.0121674777667722,-0.9314436236052016,-0.9968964034879618,-1.012607665850873,-0.9902472908012374,-1.010042344167846,-0.9418946124680324,-0.9431215238030788,-0.9422603639685738,-0.9489135933464466
2015-04-17,-1.650264086090778,-1.5886932971212815,-1.1084182087633052,-0.9629292832056244,-0.9630258991174456,-0.9629657692248283,-0.9549611227988134,-0.9705454433815286,-0.8929566222677141,-0.9558253466270562,-0.9709737028945042,-0.949479456637935,-0.9685048614805508,-0.9039360730365248,-0.9049371325405118,-0.9033328113818336,-0.910936876048112
2015-04-20,-1.650264086090778,-1.5915704267158703,-1.2014226581976155,-1.2396721362069134,-1.2397754184988363,-1.239710174008379,-1.229580664869788,-1.2492515043184558,-1.1514465364784752,-1.2308325757449785,-1.237207261602793,-1.222703507785076,-1.2466723807207802,-1.3722580948777872,-1.37321027424437,-1.3640822293384756,-1.3863339437133084
2015-04-21,-1.650264086090778,-1.5916814482661406,-1.2451741067934743,-1.2995413439076702,-1.2996483519744662,-1.2995775655972002,-1.2890159082089632,-1.3095510234546168,-1.2074428059733533,-1.2905382498421762,-1.29774901391745,-1.2818339321682954,-1.306854961412029,-1.4901704185352584,-1.4908626278078088,-1.4793142898125955,-1.5056231372854414
2015-04-22,-1.650264086090778,-1.5912180411663248,-1.208220911785319,-1.2210954517223591,-1.2211772310442135,-1.2211240342487937,-1.2111115221221842,-1.2305036231771191,-1.1342815885943782,-1.212470269269876,-1.2182501542884927,-1.20436477399453,-1.22796264633485,-1.362944054555053,-1.3639808844812265,-1.3552796049862723,-1.3767201403733984
2015-04-23,-1.650264086090778,-1.5912379842052478,-1.1861991132626697,-1.169099703108325,-1.1691512163743407,-1.1691242001183852,-1.159339026844021,-1.177944015569389,-1.0862114036719888,-1.1604239007966533,-1.167296936580894,-1.1530916702440914,-1.1755437707564675,-1.1932776032793568,-1.1945531870192525,-1.190377170435033,-1.2035169066693938
2015-04-24,-1.650264086090778,-1.5913190755345936,-1.157482318094154,-1.109009797662983,-1.1090581570534237,-1.1090292671859443,-1.099777759255932,-1.1174170060168889,-1.0303162807120216,-1.1007022222936258,-1.1177824342013885,-1.093826117155466,-1.1151377076465532,-1.0960878740652888,-1.097408103284856,-1.0951058149675554,-1.1044392118134303
2015-04-27,-1.648852791741331,-1.587330404443057,-1.1379154905785889,-1.0705322380448898,-1.0706262623595055,-1.0705955578511477,-1.0616354202981158,-1.0787480860379324,-0.994240712644298,-1.0624226689987324,-1.0791386909669496,-1.0558181017785695,-1.0765310268557908,-1.0568158514123824,-1.0579897851918914,-1.0557746771839736,-1.0648591223199688
2015-04-28,-1.648852791741331,-1.5882966299020471,-1.1230440478360153,-1.076873739196794,-1.0769869399520668,-1.0769498249831078,-1.0680144405069991,-1.085161005608075,-1.0003548387641343,-1.068869307883563,-1.0749074729370842,-1.062143267802588,-1.0829315481543509,-1.0612709201283963,-1.0625554145391176,-1.0606236061862893,-1.069586923948434
2015-04-29,-1.648852791741331,-1.5883322410048029,-1.0894422614137038,-1.0288244455905118,-1.0289222075952262,-1.0288919157730814,-1.0202660859410329,-1.0367634350433432,-0.9553966784138284,-1.0211249024714926,-1.026855913088069,-1.0146619062732585,-1.0346200901292393,-0.9997038664615138,-1.000776465634342,-0.9983141748073032,-1.0077528771066038
2015-04-30,-1.648852791741331,-1.5893046068377212,-1.075495087253162,-1.0390938452409573,-1.0391872977308447,-1.0391597786340665,-1.030462813594872,-1.0470396766804833,-0.9653253451381706,-1.031297045632756,-1.0375412048747192,-1.0248732376262373,-1.0448923691134493,-1.0191773144942584,-1.020191366738477,-1.0175591054919966,-1.0272532168563102
2015-05-01,-1.648852791741331,-1.592119745593549,-1.173126235666022,-1.2854878427419574,-1.285587223251615,-1.2855606515300153,-1.2749950329940325,-1.2950458575076125,-1.196156877907782,-1.2762476455052938,-1.295406849290804,-1.2682726703046645,-1.29245681903163,-1.3104753236103868,-1.3116360644826632,-1.3063174652650698,-1.321384929267253
2015-05-04,-1.648852791741331,-1.592110819103424,-1.233738837701445,-1.364748120797692,-1.364838674105558,-1.364814894461423,-1.3535728363840238,-1.3748792472512714,-1.2697093839471416,-1.3548432255748637,-1.3618025663339384,-1.3464479279077806,-1.372133883181089,-1.5281458149604994,-1.5288135642616008,-1.516952178241179,-1.543266602706319
2015-05-05,-1.648852791741331,-1.591893490706224,-1.2008018234023372,-1.273495561733731,-1.27357088812816,-1.273548632886243,-1.2630437816269473,-1.2829371988405682,-1.1846840344019758,-1.2640499525127062,-1.2691412217407814,-1.2564134624650476,-1.2803788108431022,-1.3425539953876786,-1.3436782747435958,-1.33657975442521,-1.354925161467973
2015-05-06,-1.648852791741331,-1.5947018970266895,-1.289279625803693,-1.463291428983207,-1.4633620408242016,-1.4633419778291823,-1.4513150730776878,-1.47406746347861,-1.361857886947854,-1.4525068551772726,-1.4610652176139318,-1.4437852429922646,-1.4711401395020496,-1.5947212257079717,-1.5956121765644955,-1.5835153377479667,-1.6098452151203495
2015-05-07,-1.648852791741331,-1.595216791507557,-1.261567870672906,-1.3879963203992665,-1.3880505007787536,-1.388035402286954,-1.376556326104063,-1.3982219371479123,-1.2915458533521056,-1.3777372155164462,-1.3832011185273203,-1.3694436558317462,-1.3954399642002424,-1.5514021555220503,-1.552015568294169,-1.539415691106103,-1.566581787801772
2015-05-08,-1.648852791741331,-1.594927020241583,-1.236551879881285,-1.307049100421214,-1.3070905429107726,-1.3070781323287617,-1.2962862667358632,-1.3166569970203992,-1.2162130774520146,-1.297204044406923,-1.3046888838042778,-1.2895881812743475,-1.3140469365505436,-1.4592702167207765,-1.4599841687386008,-1.448832812524726,-1.473978881009645
2015-05-11,-1.648852791741331,-1.5951148296384776,-1.3006008721346938,-1.4106903046083552,-1.4107289262711789,-1.4107190150134323,-1.3989793364432177,-1.421111287725236,-1.3119991002964744,-1.4000419196894416,-1.408188415566637,-1.391698067224048,-1.4182752935413645,-1.5418599944376452,-1.5425148049663049,-1.5320837325447376,-1.5555003918150567
2015-05-12,-1.648852791741331,-1.595778437523776,-1.2690633611356572,-1.3400386050938624,-1.3400684602883504,-1.3400610564803364,-1.3288166477574297,-1.3499568624530751,-1.245983426548961,-1.3294460464136042,-1.3504843656450238,-1.3219276895427845,-1.3472543983402512,-1.5171683915276652,-1.5178356347247046,-1.5057305059454362,-1.532107368666562
2015-05-13,-1.648852791741331,-1.5957327205185006,-1.2372245217350817,-1.2710498650594753,-1.2711036845183,-1.2710967602621284,-1.2604173203308302,-1.280452911544649,-1.18213861547951,-1.26137688452881,-1.2809525005514992,-1.2539793637342849,-1.2778998424702983,-1.420520068539972,-1.42149366690022,-1.4119386823769011,-1.4343809543266446
2015-05-14,-1.648852791741331,-1.5958759957811297,-1.1996418432877027,-1.1881947308124408,-1.1882391650879862,-1.188229639392412,-1.1782826060217984,-1.1969984966141192,-1.1048774271342816,-1.1791949775350126,-1.1862660706857335,-1.172210565856554,-1.194609893078204,-1.2712767134951106,-1.2724693731400207,-1.2660717018418353,-1.2832249252077808
2015-05-15,-1.648852791741331,-1.5957006928487325,-1.2634766556690469,-1.29793337190779,-1.2979741733718662,-1.297962820046904,-1.2871988105081429,-1.3074795070648602,-1.2074476217354564,-1.2880192473474386,-1.3079483919241215,-1.2805905596102063,-1.3048907031932655,-1.4449174176159223,-1.4455781374391794,-1.4360948768692734,-1.458000448424075
2015-05-18,-1.648852791741331,-1.5945895815076707,-1.2249982401985906,-1.2112596293264657,-1.2112940343173446,-1.2112829473300928,-1.2012236191708898,-1.220187318649936,-1.1265754709324207,-1.2019534644215952,-1.2206233750300894,-1.1950234662976522,-1.2177657275529217,-1.3454111084426827,-1.3463506526113935,-1.3371832768926182,-1.358763807763114
2015-05-19,-1.648852791741331,-1.5946088293367329,-1.2014325151767282,-1.1555195711893864,-1.1555453472524295,-1.155535325841802,-1.1459030833409076,-1.16404440818344,-1.0746035341316835,-1.1464697200740348,-1.1541107302631788,-1.139990361866556,-1.1617280006711548,-1.2537483678368546,-1.2549899682464103,-1.2497285980835997,-1.2649257311880726
2015-05-20,-1.648852791741331,-1.5937692799905927,-1.165754008981438,-1.0938091960157177,-1.0938301572605078,-1.0938185368147344,-1.084733055239005,-1.101911275042619,-1.0170456366549725,-1.085233791670184,-1.0920048200736765,-1.079085704176497,-1.0997087638837124,-1.1312449793731658,-1.1325134358049007,-1.1296992559776715,-1.1399922306476429
2015-05-21,-1.648852791741331,-1.5912413574599031,-1.1303037132224407,-1.039142143720693,-1.0391599939298837,-1.0391489646140082,-1.0304780071169208,-1.0468779839423756,-0.9659551660719936,-1.0308406620907973,-1.0372367077586298,-1.0250977342462424,-1.0447738412150434,-1.0370613466753278,-1.0382552392059872,-1.036043040157021,-1.0450177854651457
2015-05-22,-1.648852791741331,-1.5908570664573414,-1.1027030658175112,-0.9951034269305508,-0.9951190280941667,-0.995107072968038,-0.9867863978297532,-1.0025217004061946,-0.9248456785435804,-0.9871242595434347,-0.9936309352755058,-0.9816196009902376,-1.0005077311983923,-0.9893442309763024,-0.9903413286074172,-0.987670312624106,-0.9971904470038696
2015-05-26,-1.637277277647602,-1.5872590366428616,-1.0703123846977425,-0.9623509519586926,-0.962376798764169,-0.9623656534244176,-0.9542258757265892,-0.969578940391032,-0.8938957694039658,-0.954500596178818,-0.9605914936794367,-0.9491960882173576,-0.9676176790994948,-0.9517371412022064,-0.9526323580708292,-0.9495434767762552,-0.9595491210868587
2015-05-27,-1.637277277647602,-1.5892530849407835,-1.1246295726354771,-1.1490383568719538,-1.149061866518409,-1.149049620574336,-1.1394159788867189,-1.1575862990920949,-1.067929877282932,-1.1398490505753152,-1.1453769242608367,-1.1334594688648347,-1.1552655289908509,-1.1829678884999266,-1.1842258962517098,-1.1798556759885968,-1.1930833519407995
2015-05-28,-1.637277277647602,-1.5889042316891329,-1.1902059596134682,-1.2546621008090184,-1.2546939432524788,-1.2546811918150649,-1.2442518631366932,-1.2639167270191862,-1.1667628717671523,-1.2448314060264865,-1.2524555124115526,-1.237752909197874,-1.2614043514380622,-1.4150697162345198,-1.415913487181622,-1.4062610585176485,-1.4292552461023271
2015-05-29,-1.637277277647602,-1.58922637200999,-1.155481970413404,-1.1809633998090343,-1.180986927791014,-1.180974806213582,-1.1711568315798226,-1.189694710167752,-1.0980139298801734,-1.1718535707695246,-1.1901523079006036,-1.165004086333521,-1.1873210292844067,-1.2702935868759968,-1.2715818621986954,-1.265901165747176,-1.2815308139245345
2015-06-01,-1.637277277647602,-1.5902105688530388,-1.1453757063948484,-1.1825914562354212,-1.1826135999118277,-1.1825982104507928,-1.172735111000325,-1.1913285173096075,-1.0993655598823993,-1.1732216196627157,-1.1917767863562827,-1.166591685668646,-1.1889525047276708,-1.2061656679904371,-1.2074306948181477,-1.2031684218289158,-1.2163359591242775
2015-06-02,-1.637277277647602,-1.587086152632256,-1.114340329649804,-1.1130881383250673,-1.113109387238437,-1.1130935227190943,-1.1037999733991182,-1.121331060515688,-1.0344584400857209,-1.1041427684248877,-1.110726581270132,-1.0979625373378654,-1.1190939993492195,-1.0958667933170565,-1.0971578290446795,-1.0947178168138612,-1.104257806826622
2015-06-03,-1.637277277647602,-1.586747863520315,-1.0813612664453067,-1.0601771412614025,-1.0602086663902328,-1.060194670305774,-1.051349849704014,-1.0680347961527192,-0.9853003450244752,-1.0516804812635947,-1.0590215328636732,-1.045778292711318,-1.0659167560582132,-1.0231451902100202,-1.0242752555225192,-1.02191977437819,-1.0309325780738618
2015-06-04,-1.637277277647602,-1.585772649804612,-1.0567656667404284,-1.0169694842234327,-1.0169961385230182,-1.0169784392458947,-1.008509350999635,-1.0245454000878305,-0.9448369743940196,-1.0088257513189145,-1.0158200753946742,-1.0030887267642752,-1.0224949354698674,-0.9868476145569236,-0.9878101532133852,-0.9849503071159532,-0.9946275948332955
2015-06-05,-1.637277277647602,-1.586776428481616,-1.077500751053449,-1.111089365978059,-1.111110831888,-1.1110927495654603,-1.1018428587977156,-1.1193333086181445,-1.0323303508900736,-1.1021745890469226,-1.108932688216337,-1.0959435100733952,-1.1171072487304112,-1.105231073100162,-1.1065114803632146,-1.1036446694621955,-1.1138398957035265
2015-06-08,-1.637277277647602,-1.5854323459576314,-1.044707947505341,-1.054694260974236,-1.0547025627166302,-1.0546857795145743,-1.0458957284491437,-1.062541500081407,-0.9798920126640642,-1.046081032223395,-1.0528173686294142,-1.040329026382007,-1.060417669855198,-1.0238348635016703,-1.0249767988312644,-1.022551180335597,-1.031676026374723
2015-06-09,-1.637277277647602,-1.585489026555285,-1.061583667482481,-1.1161006226958918,-1.116153161163059,-1.1161369578619678,-1.1067917472502842,-1.1244212754302625,-1.037318880765079,-1.1071298713357618,-1.114371079777042,-1.1009795242960287,-1.1221765343526755,-1.104376213235447,-1.105629327227854,-1.1029257060467632,-1.1128317525624676
2015-06-10,-1.637277277647602,-1.5856313628372345,-1.029494460830359,-1.060248703303267,-1.0603359272675148,-1.060319626521153,-1.051431623470237,-1.0681929789895992,-0.9856867997988844,-1.051624383863433,-1.0586817754708762,-1.0459851061271164,-1.0660655426723649,-1.0538461228240974,-1.054592716159476,-1.04997597170137,-1.0630933116058376
2015-06-11,-1.637277277647602,-1.5857989492430344,-1.112796600543675,-1.2038663978913708,-1.2039616810645648,-1.2039459738504292,-1.19385863837466,-1.212857125264988,-1.1193519411059756,-1.194263040272156,-1.201276532041043,-1.187696790272761,-1.2104432187759822,-1.2271188823994157,-1.2281172080778768,-1.2235142165553097,-1.2373233259971548
2015-06-12,-1.637277277647602,-1.585677521420559,-1.080458269882029,-1.1340130331007037,-1.1341004445441445,-1.1340847213179757,-1.1245948454812245,-1.1424872539323203,-1.0542609009284578,-1.1248617017918343,-1.142973641168848,-1.118768210756501,-1.140212395698588,-1.1293935537835955,-1.1302576224776817,-1.1260536191878168,-1.139044100660089
2015-06-15,-1.637277277647602,-1.5867129533059006,-1.080856954185577,-1.1567374331559022,-1.1568198752541703,-1.1568056512317444,-1.1471057821526576,-1.1653748406124371,-1.0753388104511277,-1.1475455836438169,-1.1658705385035786,-1.1411700689459896,-1.1630519728588793,-1.176620710733012,-1.1778721870632636,-1.1738090506030006,-1.186570333656295
2015-06-16,-1.637277277647602,-1.58753980273761,-1.062904098808867,-1.1338142415142598,-1.1338933511980622,-1.1338787079053398,-1.1243633390900358,-1.1422994885082425,-1.0538945687404342,-1.1249859684075687,-1.131382472655707,-1.1185207098523555,-1.1400118210750148,-1.1337514495525698,-1.1350177429126624,-1.131723166653073,-1.1429061405971392
2015-06-17,-1.637277277647602,-1.5874747670826892,-1.0530174069089584,-1.1062274342083631,-1.106302369593172,-1.1062876680696816,-1.0970219636746397,-1.114508884389245,-1.028180266868357,-1.0976384397701096,-1.1149514736896593,-1.0912992453460917,-1.112277961980236,-1.087535543300285,-1.0884724343148535,-1.0850027630838313,-1.0959052085663972
2015-06-18,-1.637277277647602,-1.5876320830359738,-1.023836712372025,-1.0521547430250031,-1.0522320939855248,-1.0522177767485876,-1.0434006059865542,-1.0600661153735311,-0.9777353237830428,-1.0439823735625675,-1.0604768303422978,-1.0379128283945176,-1.05793608580095,-1.0287377415157566,-1.0297855822806714,-1.02715886205761,-1.036642507852986
2015-06-19,-1.637277277647602,-1.587231728007737,-1.0972056263161525,-1.1722156793750886,-1.1723061846089378,-1.172286753620022,-1.1625640716885626,-1.1809383463048173,-1.090013384758563,-1.163076779113052,-1.1812901556401028,-1.156518210319485,-1.178582250712343,-1.19031447188686,-1.1912651560239202,-1.1868961188102407,-1.1996611299293425
2015-06-22,-1.637277277647602,-1.5878524742916684,-1.0772502194641664,-1.1486850085376883,-1.1487676817499377,-1.148750619714919,-1.1391431681655386,-1.1572509665873287,-1.0678551530643017,-1.1399992590960528,-1.1576195054850853,-1.1332322685893934,-1.1549331551521804,-1.1496744628708482,-1.1508984102568418,-1.1475725984148075,-1.1588092896574105
2015-06-23,-1.637277277647602,-1.5869468263759117,-1.0781288732186498,-1.1337273207844725,-1.1338140543734578,-1.1337968063928645,-1.1243321152193526,-1.1421834500053916,-1.0540030740093886,-1.1248637668906996,-1.1425405704733227,-1.1185091288975268,-1.139898984803622,-1.1341395962683305,-1.1350515561156989,-1.1312641538725374,-1.142791423789128
2015-06-24,-1.637277277647602,-1.5871808295069378,-1.045929188363378,-1.0743483682784396,-1.0744382373338608,-1.0744215825795789,-1.06543582814412,-1.0824001267996013,-0.9985943511704228,-1.066078828158023,-1.0730869246586718,-1.059881253658104,-1.0802233864880075,-1.0526055762499191,-1.0535974657456542,-1.0510555508854584,-1.060618003638664
2015-06-25,-1.637277277647602,-1.5884051820161906,-1.0564743518171844,-1.125489707034833,-1.1255789470449418,-1.125562043578818,-1.1161748281642878,-1.1339098072958576,-1.0462251070788144,-1.117049862414327,-1.1342272317893274,-1.1103500973686742,-1.1316304120640408,-1.1224020139718742,-1.1234798992491997,-1.1204933465433746,-1.1309703448281163
2015-06-26,-1.637277277647602,-1.5888830592274013,-1.0291817811526094,-1.0844784531666791,-1.084561147947544,-1.0845447223822895,-1.0754785593554583,-1.0926107041393212,-1.007917839297389,-1.0764170126414108,-1.082303174059402,-1.0698483663843297,-1.0904056403174534,-1.059587910632145,-1.0605642346016169,-1.0578117219729457,-1.0675675881308764
2015-06-29,-1.637277277647602,-1.589592207752493,-1.0066651286364492,-1.0640408174899745,-1.0641227573420275,-1.064110125761727,-1.0552240232181438,-1.0720138588087105,-0.9891735626321104,-1.0562873253880634,-1.0723037738477517,-1.0497055578565255,-1.0698549431751825,-1.0445133662050077,-1.0453730465549504,-1.042245433356097,-1.0525827807979529
2015-06-30,-1.648852791741331,-1.5956872439919316,-1.3375739147754735,-1.6796309413563844,-1.6797438343637183,-1.6797343531060094,-1.6660652964158496,-1.6919093526907485,-1.564306461335209,-1.667753756219411,-1.67581088924049,-1.6576375877414014,-1.6885614497746304,-1.6912097060493352,-1.6920377552015122,-1.6803557214346716,-1.7063063224698916
2015-07-01,-1.648852791741331,-1.5952056262544243,-1.307732029537924,-1.5612792891728944,-1.5613791307493698,-1.561370835620297,-1.5485641418765894,-1.5726975028106118,-1.4538835404737738,-1.5502352008506737,-1.5586927063467275,-1.5407810021285913,-1.5695812827101685,-1.5891463860306725,-1.589962876489604,-1.578936464995726,-1.6036424270132912
2015-07-02,-1.648852791741331,-1.5949504952802218,-1.2913491631659808,-1.4823734451733064,-1.4824584122081137,-1.482452665528836,-1.470198905456846,-1.4932336584967891,-1.3800497790934576,-1.4719499714654427,-1.4800280343631478,-1.4628214461731694,-1.490266783267171,-1.5350093853029878,-1.5357940557364178,-1.5254382585966244,-1.5491932470228786
2015-07-06,-1.648852791741331,-1.5949613621152785,-1.2522014292120245,-1.380850217489323,-1.3809253708242968,-1.3809177020561585,-1.3695574886575308,-1.3909803860073668,-1.285356566277912,-1.371052536864796,-1.3911578513292835,-1.362615284891058,-1.3882153487662927,-1.422618703500247,-1.4234517334474712,-1.4146706140360314,-1.435928563663195
2015-07-07,-1.648852791741331,-1.5955164654660885,-1.2229841515524964,-1.315751235688029,-1.3158160048724146,-1.3158090772199178,-1.304959444641687,-1.325423622037268,-1.2245204167902195,-1.306701758080442,-1.313771217346149,-1.2983200669519648,-1.3227797859915968,-1.3290296829842982,-1.3299852808037078,-1.3227050714643886,-1.3410528433523774
2015-07-08,-1.648852791741331,-1.595109229382432,-1.1944869190873588,-1.2573697418276333,-1.2574232531655647,-1.2574203412191536,-1.246941521344008,-1.2666767508243872,-1.1696051735356854,-1.2494797794721992,-1.2525244482737132,-1.2405618660710027,-1.2641260087342174,-1.2405132895939923,-1.2413997872889726,-1.235001807699056,-1.2515289835791923
2015-07-09,-1.650264086090778,-1.598689010493774,-1.3506177803725876,-1.562859728282974,-1.5629236223132037,-1.5629181686009608,-1.5500905740231592,-1.574315967105295,-1.4549193532018392,-1.5527367624086803,-1.5614319179158902,-1.5422284754214703,-1.5711760044523373,-1.6143356294970146,-1.6151470503197505,-1.6041318478573443,-1.6284183281241855
2015-07-10,-1.650264086090778,-1.5985264756198665,-1.3130838309675557,-1.45466197006823,-1.454751361780587,-1.4547449477249783,-1.442808698493893,-1.46540316619932,-1.3538459213825589,-1.4446527662879072,-1.4512343098872194,-1.4353933174796814,-1.462469331828408,-1.4902153318560956,-1.4910588177015,-1.4809674539373907,-1.503770211445164
2015-07-13,-1.650264086090778,-1.5982932696043557,-1.3879529353571505,-1.5400526791334834,-1.5401433345771989,-1.5401355892002628,-1.52757115534599,-1.551359812383472,-1.4337467987465298,-1.5296909769923244,-1.5514813908521998,-1.5197558004828018,-1.548274018655871,-1.6260386573326813,-1.6268464114518442,-1.6154055539614074,-1.6404215903705228
2015-07-14,-1.650264086090778,-1.5985761775909373,-1.4415849040517,-1.5846239990895712,-1.5847166001501989,-1.5847084121962374,-1.5718137955560345,-1.596218613043929,-1.4755296770034094,-1.5741266348267149,-1.5963097910670396,-1.56379367357037,-1.5930526667351397,-1.6713243662540989,-1.6721235194997874,-1.6601953766572115,-1.6861014233278289
2015-07-15,-1.650264086090778,-1.598304006614318,-1.4151378693892789,-1.4927883514319151,-1.4928703275778463,-1.4928595777169844,-1.4807268888921643,-1.5036818260045652,-1.3900565282156854,-1.4828503018523456,-1.4907093540430043,-1.473193631720535,-1.500708612856619,-1.6037399421765608,-1.6045123524423563,-1.593049646827367,-1.6180774136018106
2015-07-16,-1.650264086090778,-1.5981608711690376,-1.3725617218056896,-1.392467119004884,-1.392536113894555,-1.3925263432949164,-1.381183956286025,-1.4026368138032348,-1.2964825725473417,-1.3838541253864252,-1.4026474191045797,-1.3741544879004557,-1.3998594485824951,-1.5016005632934788,-1.5023905056638556,-1.4922615634870215,-1.51528985982593
2015-07-17,-1.650264086090778,-1.5979586354537605,-1.3933725179222316,-1.4045772070702809,-1.4046382439174088,-1.404627579222145,-1.393244827155386,-1.4147835058798646,-1.3080559316837923,-1.3963262234480214,-1.4004782589783795,-1.3861646271001973,-1.4119977549538705,-1.537097174028226,-1.5378738179143527,-1.5288281718866417,-1.5501906848506324
2015-07-20,-1.650264086090778,-1.597906860260216,-1.3663406746355502,-1.3439446101527504,-1.3439925330536333,-1.3439851680416055,-1.333129830578486,-1.3537273346194212,-1.2516759712949577,-1.3360893488377652,-1.3536597296562558,-1.3263181720376584,-1.3510494024491997,-1.487929194957925,-1.4888127141616052,-1.479681738756324,-1.5010595256376291
2015-07-21,-1.650264086090778,-1.5980964807807765,-1.3256304232854792,-1.2619026848717931,-1.261949718866872,-1.2619403954238206,-1.2517993720549003,-1.271109117250569,-1.175247172116008,-1.2544846970289327,-1.260472724334095,-1.2453684342401348,-1.2685901121951366,-1.346967278362359,-1.3478499530632884,-1.342218814801022,-1.35761701276962
2015-07-22,-1.650264086090778,-1.5983428296227222,-1.2915585673141106,-1.2144715063813427,-1.2145097153738649,-1.2145010992009375,-1.2046603957180468,-1.223369243701545,-1.1305749556661635,-1.20731298930353,-1.223323443759736,-1.1984455064806163,-1.2209321701003018,-1.2567909767622645,-1.2580159890241591,-1.254190570457198,-1.266077218366948
2015-07-23,-1.650264086090778,-1.5992603531671292,-1.2664334760764215,-1.1877614247101274,-1.1877934941167143,-1.187786752703447,-1.1781838957552833,-1.1964223376642615,-1.1060195900098453,-1.180619829055847,-1.185992174289309,-1.1721312648185849,-1.194046533611141,-1.227901378722774,-1.2290757094678932,-1.225893821132433,-1.2363598991874227
2015-07-24,-1.650264086090778,-1.6001673695533003,-1.246310070939853,-1.1786040185318607,-1.178631076483531,-1.178623523675561,-1.169026247778323,-1.1872375411945897,-1.0969618496020883,-1.171768446789868,-1.1769022488881824,-1.162981865190605,-1.1848668154007498,-1.212388994631319,-1.2136443392144405,-1.2105220080527963,-1.2209703396067324
2015-07-27,-1.650264086090778,-1.5997879448194996,-1.2874161423254815,-1.3012376474054317,-1.3012727695411133,-1.3012659611342423,-1.2906377059788596,-1.310798115829672,-1.210919146169805,-1.2934667000123314,-1.299350943753114,-1.2839626408315097,-1.308177522297548,-1.4376175147745074,-1.438481093056252,-1.4295130286511912,-1.4504021374711076
2015-07-28,-1.650264086090778,-1.6003742454304797,-1.2863577538417958,-1.3084876481934788,-1.308517264649755,-1.3085079192862683,-1.297853742362291,-1.3180456426993286,-1.2179875928047383,-1.3009902758272875,-1.306175982618901,-1.2911812333909736,-1.3154197574830495,-1.4468674185626558,-1.4477690646485963,-1.4390676901966013,-1.4594922537846506
2015-07-29,-1.650264086090778,-1.6000418801924152,-1.3240517004932713,-1.3719888892400298,-1.372013329528587,-1.372001351016982,-1.36071671791137,-1.3820342548649298,-1.2763103634292894,-1.3641473890454747,-1.3683986906248982,-1.3536681547282892,-1.3792635425680553,-1.5599775458292735,-1.560701085010653,-1.5493528246074602,-1.5737531012590635
2015-07-30,-1.650264086090778,-1.6000294391644774,-1.3052015248599824,-1.3226761695834617,-1.3226929018623386,-1.3226821676993348,-1.311746194275022,-1.3323641333277478,-1.2300952830639702,-1.3149495802172566,-1.3215341512387877,-1.3049287866892998,-1.3296890641109538,-1.504126102596205,-1.5048613271896991,-1.494198180175679,-1.5175518660515266
2015-07-31,-1.650264086090778,-1.5999307731368273,-1.2672469560453432,-1.2422670398367643,-1.242279567806091,-1.242269189712228,-1.231916111297379,-1.2513931259364584,-1.155009694547692,-1.2350127291775417,-1.2515371385088478,-1.2255171476538491,-1.2488723641631805,-1.3473104557368376,-1.3479766185912527,-1.3392672893396984,-1.359229877756695
2015-08-03,-1.650264086090778,-1.6003630749558715,-1.2295700655534052,-1.1763663987059954,-1.1763767915102392,-1.176366117577834,-1.1665338522096622,-1.185026540398508,-1.0934886246424491,-1.1694528536277145,-1.185196682477656,-1.160449585306975,-1.1826341082978,-1.24149759592758,-1.242293061697478,-1.2358726890209863,-1.2519072599969687
2015-08-04,-1.650264086090778,-1.6009291931011345,-1.1968470906610047,-1.127361556881295,-1.127374278312724,-1.127361734319171,-1.1179784291131478,-1.1356805118545223,-1.0477822240257295,-1.1208379906874677,-1.1258307357563468,-1.112088436527046,-1.1333870830667752,-1.1577899209494649,-1.1587065240112495,-1.154329105554377,-1.166699147610113
2015-08-05,-1.648852791741331,-1.5957348922675725,-1.1634314980357898,-1.0799988349775984,-1.0800429511350964,-1.0800278648384567,-1.0710052439457949,-1.088002158633369,-1.003652963249562,-1.0735145338219043,-1.0881731484884152,-1.0653909378869082,-1.0857953141286016,-1.1061159563768674,-1.1071689242576763,-1.1042138565277264,-1.114170304888115
2015-08-06,-1.648852791741331,-1.5957543069198457,-1.1452154397497354,-1.0547386166012014,-1.0547792753017444,-1.054763942424365,-1.0459810384375612,-1.0625484258720708,-0.9802774351985202,-1.048190034498931,-1.0511872071265456,-1.0404885758906983,-1.0603962468927766,-1.0588227670884325,-1.0596433514643293,-1.0564301817878603,-1.06643186883319
2015-08-07,-1.648852791741331,-1.5973823320926208,-1.2123329408241827,-1.2429072668604602,-1.2430012326379238,-1.2429810778856267,-1.232844676729895,-1.251845484180529,-1.157637726509434,-1.2347791425826795,-1.2426623525161995,-1.22660298822431,-1.249407841042886,-1.2557714401548192,-1.2565565878471048,-1.2514530039987015,-1.2659180299740478
2015-08-10,-1.648852791741331,-1.5975162997314636,-1.180486031124112,-1.1874263488138144,-1.1875093754850752,-1.1874899775305383,-1.1778050211590607,-1.196008088799963,-1.1056004390967389,-1.1799292275547528,-1.1961652729394765,-1.1717776890774978,-1.1936687936432404,-1.1791947360300277,-1.180233250052144,-1.1770192679756104,-1.187427028849713
2015-08-11,-1.648852791741331,-1.5975870337774254,-1.2441226656642657,-1.308939488523149,-1.309018875990791,-1.3090003198190137,-1.298165661234108,-1.318553963643308,-1.2172413325657094,-1.3007022159893384,-1.3188534908243374,-1.291354883397491,-1.315924534423431,-1.4216008785221712,-1.422379761802268,-1.4132233828126524,-1.434261393961163
2015-08-12,-1.648852791741331,-1.5998355890721774,-1.2880607022656143,-1.4000453960341936,-1.4001216723328165,-1.4001010062783468,-1.3886140610544555,-1.4102780349972108,-1.302410004251161,-1.391427053245817,-1.3967567589640846,-1.3813226034308828,-1.4074778841976965,-1.546518661839834,-1.5472187264554818,-1.5357895436847682,-1.560343754805793
2015-08-13,-1.648852791741331,-1.6000359172609355,-1.2498020076643337,-1.305843821272432,-1.3059073228567846,-1.3058879647399235,-1.295211844762688,-1.315423609200616,-1.2145965856739172,-1.2978825677296697,-1.3156591968852631,-1.2883418425837507,-1.3128016175390256,-1.4121899817131,-1.412995523262177,-1.404126188966332,-1.4248087505861653
2015-08-14,-1.648852791741331,-1.6004971587253145,-1.2136911530702974,-1.2321682157199103,-1.2322183781262928,-1.232199765651555,-1.2221226167416277,-1.241236059959377,-1.1458461093509515,-1.2248564841586624,-1.2303110724797457,-1.2155937855301444,-1.238750653865253,-1.2764295083727883,-1.277155316163853,-1.2710564245245324,-1.2867260939862113
2015-08-17,-1.648852791741331,-1.5999328853751411,-1.1847027194277893,-1.17243060891026,-1.1724682984518784,-1.1724503599275955,-1.1627987980121708,-1.1810854069095598,-1.0899567994686892,-1.1654871783649683,-1.170995753055442,-1.1565717247443688,-1.1787139341107418,-1.1886273544013854,-1.189508220720592,-1.184990528572894,-1.1974795658238508
2015-08-18,-1.648852791741331,-1.5996793743722195,-1.181634443203076,-1.159188861489363,-1.1592181451769077,-1.1591991832012076,-1.1496471969957407,-1.1677297879344033,-1.0776735519139038,-1.1514912322897448,-1.1576405163778194,-1.1434976045765,-1.1653911146592548,-1.1869811005065465,-1.1878400797426956,-1.1835466946013922,-1.1955213198299373
2015-08-19,-1.648852791741331,-1.6005622436385991,-1.159903786239768,-1.1351860154196416,-1.135207475804925,-1.135189532458127,-1.1258068419602332,-1.143526602550071,-1.0554664815727337,-1.1275378521451358,-1.133706143641554,-1.1198126552746492,-1.141238155429296,-1.154931571501416,-1.155720414054211,-1.1517148994259157,-1.1630189302209963
2015-08-20,-1.648852791741331,-1.6020091272068937,-1.1714527463901334,-1.191860812739413,-1.1918793221984594,-1.1918594250322807,-1.1819317489594774,-1.2006530755701632,-1.107643401941382,-1.1846689946037006,-1.1903017113272134,-1.1756059252813964,-1.1982420781428833,-1.2313024454956467,-1.231986256432967,-1.226584336765407,-1.240884692075443
2015-08-21,-1.650264086090778,-1.6083983169344096,-1.5172140900018103,-1.844345044923588,-1.8443699730601208,-1.8443422599208183,-1.829284134049319,-1.8575488684252317,-1.7169959999999822,-1.8323542796260908,-1.844342762173877,-1.81983221968994,-1.8539161284887031,-1.8098450407882087,-1.8105635280011665,-1.7994285179674383,-1.8248945161196477
2015-08-24,-1.6649129444052633,-1.6202763791813637,-2.012176505310091,-2.715114671526843,-2.715163218364616,-2.7151152985554656,-2.6931362520819824,-2.734395392819,-2.529072272916455,-2.696760888288509,-2.710923316698357,-2.679401538904107,-2.729089565426417,-2.3177820871887254,-2.3188040376037127,-2.3041801984692305,-2.337843493984604
2015-08-25,-1.697300897777554,-1.6353939012469014,-2.5197765681476385,-3.5579853511431017,-3.558079182274536,-3.5580018080660194,-3.5294587622710263,-3.5830740086437496,-3.316035185617728,-3.530623332465092,-3.553039151535731,-3.511620397331398,-3.5761868201607894,-2.876599819518737,-2.87784251156595,-2.8594507423040483,-2.901167651614456
2015-08-26,-1.697300897777554,-1.6369241822260818,-2.4697473769529457,-3.2624801568126607,-3.2625687397901237,-3.262501155890152,-3.236119664370624,-3.2855379598719683,-3.040020341747262,-3.239305901167978,-3.286792765614219,-3.219804884102318,-3.279203625262064,-2.718498800475953,-2.719515342691478,-2.701632695008468,-2.741826286289874
2015-08-27,-1.6649129444052633,-1.6380827230425272,-2.884229275303166,-3.850075710154878,-3.8502327269539376,-3.850147655065157,-3.819297190194704,-3.877398590701647,-3.588143642435784,-3.8191528382536255,-3.845962187033139,-3.7999067097337034,-3.8699369231470544,-3.138507185044113,-3.1400065199111893,-3.123639884211285,-3.164429997767066
2015-08-28,-1.6649129444052633,-1.6384833442529878,-2.9603403967477515,-3.741861494120888,-3.74205818331629,-3.741916485246724,-3.712112163723106,-3.768530623157984,-3.4870979432429747,-3.7128616683882623,-3.769818046092544,-3.6931131669036175,-3.7612393621054334,-3.137923653648602,-3.1395259179651718,-3.123672001916368,-3.1640962109479958
2015-08-31,-1.6649129444052633,-1.6385034005091272,-2.871202482205526,-3.335083761739031,-3.3352509669650714,-3.335163235607142,-3.3085800342660403,-3.358859328573399,-3.107705953938896,-3.309119372128213,-3.331323147913586,-3.2916208627480152,-3.352363913138801,-2.898582944184414,-2.8998295745819345,-2.883469016776968,-2.9237003577984844
2015-09-01,-1.6649129444052633,-1.640081641453163,-2.8105200824007768,-3.0488811487208736,-3.049028926024745,-3.048950164489169,-3.0247025503090024,-3.070696100546892,-2.841026888732181,-3.025578650277463,-3.071574591555161,-3.009187636054925,-3.064727821162581,-2.7366439390110453,-2.7378575201286166,-2.7218575921576305,-2.76103435034776
2015-09-02,-1.697300897777554,-1.649448091829727,-2.9798033819780705,-3.359253000857753,-3.359421308878632,-3.359320005640289,-3.332879229893114,-3.383198585055161,-3.131098412987167,-3.334878442594788,-3.3548701043022584,-3.3157827788874146,-3.3766619372911864,-3.022649038422537,-3.023873300425514,-3.0071173215159384,-3.0482798991264155
2015-09-03,-1.697300897777554,-1.647305746806969,-3.0126192770519267,-3.2647560644718383,-3.2649225529650425,-3.2648281405562174,-3.2389675903438016,-3.2879833977811286,-3.0427609765568686,-3.2391975591137254,-3.2610559971201063,-3.222417508642592,-3.281648047541062,-3.0098557348221235,-3.0110567415721,-2.9940256514029127,-3.035448964759468
2015-09-04,-1.697300897777554,-1.6476289226235676,-2.9212138914025254,-2.921757724230283,-2.9218977024433035,-2.921814087014171,-2.898620151046235,-2.942592010547278,-2.722669043866794,-2.897808189610547,-2.912445391421946,-2.883772487337111,-2.936903815232073,-2.8059718098166524,-2.8070529984863084,-2.7900612546734527,-2.830777889829736
2015-09-08,-1.697300897777554,-1.6494902918987928,-2.8801659578010974,-2.773870866220891,-2.7740204062524243,-2.7739467710676875,-2.751713777516001,-2.793685376246571,-2.5840732066447574,-2.752269874081444,-2.794604512683521,-2.737594817813564,-2.7882774922664018,-2.678867716229713,-2.6799812453453886,-2.6634091494819034,-2.701966111716357
2015-09-09,-1.697300897777554,-1.6509293828052347,-2.980589361979785,-2.952801576147315,-2.9529467158170144,-2.952863296641804,-2.929346960075061,-2.9738278208312923,-2.751291688939327,-2.929827779134237,-2.9717624271769743,-2.914324829160259,-2.968095520466713,-2.9032449126009405,-2.9042266785594726,-2.886169659052595,-2.9283538272420846
2015-09-10,-1.697300897777554,-1.6513349326011082,-2.9353575290086,-2.784503431925094,-2.7846379445626983,-2.78455608942962,-2.762466964679572,-2.804498991883258,-2.5941482296444933,-2.7647745593225115,-2.7842075542047704,-2.748192613309085,-2.799026952629072,-2.79996402388771,-2.8009743277405903,-2.782995410263535,-2.82411196799156
2015-09-11,-1.697300897777554,-1.6513206376729397,-2.859053546053296,-2.5209263681747767,-2.5210324388275915,-2.5209581860353256,-2.500949753951546,-2.5390259646462026,-2.348332900353716,-2.503790881652673,-2.539639673485538,-2.487984130148873,-2.534068451962997,-2.629597809976596,-2.630633402984512,-2.6141656627033867,-2.6525020569045186
2015-09-14,-1.697300897777554,-1.650651187131036,-2.7791233789707666,-2.270450340674794,-2.270544725983608,-2.270473010364904,-2.252551003115092,-2.2868324945027525,-2.1146889538035163,-2.2549262144573223,-2.2737166819588976,-2.240743094724143,-2.282352378665471,-2.3936750796301656,-2.394956186273161,-2.381924898787336,-2.4144652557511197
2015-09-15,-1.6649129444052633,-1.6468354367484657,-2.6987405321540203,-2.0607114146303545,-2.0608310617364274,-2.0607672626610647,-2.0443955980877484,-2.0756527046184097,-1.918890093119864,-2.0459082363042542,-2.056767892812816,-2.033668105952525,-2.0715686672493208,-2.174581763632227,-2.176007089806782,-2.165949644361355,-2.193103842586261
2015-09-16,-1.6649129444052633,-1.6470366019039002,-2.6611140131169817,-1.9950073313523016,-1.995112606640296,-1.995050033335067,-1.979178858021202,-2.0094880444025764,-1.8572980398924583,-1.9792966751482597,-2.0099580209750414,-1.968745717575796,-2.005531383152677,-2.1688066463227447,-2.1702130839451934,-2.1601921812709546,-2.186969025545954
2015-09-17,-1.6649129444052633,-1.6459496230656838,-2.596663377023769,-1.8472714749635637,-1.8473572526897395,-1.8473007456560204,-1.8324938353896327,-1.8607041552475163,-1.7192252181473855,-1.832694859895858,-1.8452123186656888,-1.8228222125328093,-1.8570343350463403,-2.038901852375413,-2.0403149767501194,-2.0317745419795146,-2.055654910000744
2015-09-18,-1.6649129444052633,-1.6439059727469847,-2.517765258859232,-1.6768706786397496,-1.6769278027141823,-1.676879195640438,-1.663320657111772,-1.6890739065407918,-1.5601088301739978,-1.6635944589400924,-1.6757923936373418,-1.6545316790065503,-1.685731078785532,-1.8536214352991152,-1.85494233258148,-1.8478851869229305,-1.868800358477788
2015-09-21,-1.650264086090778,-1.642423318922203,-2.514877204247137,-1.8458063006653829,-1.84592089129904,-1.8458587507749613,-1.831002368089996,-1.8594102880866703,-1.7167765142452216,-1.831593169087036,-1.8599900354159955,-1.82113915749024,-1.8556924577655167,-2.0374646164452965,-2.0388198070781485,-2.02991507053026,-2.0541614481086308
2015-09-22,-1.650264086090778,-1.6424579274356432,-2.440270774874878,-1.6824802929868865,-1.6825758092028869,-1.682526884578185,-1.6688404172173237,-1.694721419359426,-1.5659406156614326,-1.668990295233814,-1.6952423279884306,-1.660299251496455,-1.691376652296324,-1.8823210716701544,-1.883624418134279,-1.8760388733081168,-1.89757843566316
2015-09-23,-1.650264086090778,-1.645335565067837,-2.4297673574437946,-1.778784371070729,-1.7788789187273784,-1.778825942526976,-1.764456401319877,-1.7916622759590528,-1.6560262805015538,-1.764502343251204,-1.778286502131579,-1.7554291236853703,-1.7881455678504474,-1.9954118650196933,-1.9967193678765045,-1.9881260396252405,-2.0115206049421244
2015-09-24,-1.650264086090778,-1.6451166245538194,-2.356465072216209,-1.628428658114579,-1.6285654819209388,-1.628514692554693,-1.6152891303365442,-1.640339122972534,-1.5154165241913182,-1.615476488377248,-1.6246731212890937,-1.6069199784211392,-1.6370940028828251,-1.843277829800395,-1.844447499052287,-1.836589547950654,-1.8583711762087816
2015-09-25,-1.650264086090778,-1.6451597581586337,-2.289300370743022,-1.5085209891496845,-1.5086438377019604,-1.5085966878412465,-1.4963475790368057,-1.519571179697602,-1.4036136284815246,-1.4964312592891793,-1.5055703466446002,-1.4885597295728443,-1.516560908464141,-1.7289581040019368,-1.7300345760863074,-1.7226144967718322,-1.7434013783782412
2015-09-28,-1.650264086090778,-1.6461294890832596,-2.229907639138072,-1.4490590119468838,-1.4491716487152722,-1.4491274278478483,-1.4374660377095974,-1.459644236684272,-1.3488672977086011,-1.437767403564762,-1.4453151666314674,-1.4299710101879233,-1.456776757714456,-1.6805871350339616,-1.681649657614002,-1.6742668892008374,-1.6948590573020637
2015-09-29,-1.6649129444052633,-1.654638995021538,-2.446920925570757,-2.2435336856835817,-2.243752733122152,-2.243686586797817,-2.2259221098090323,-2.2597931894562477,-2.091135358694673,-2.228787971685857,-2.2410077946274294,-2.2146693284848453,-2.2553833215375207,-2.357862317761036,-2.359227186226577,-2.346897961955998,-2.377615040097945
2015-09-30,-1.6649129444052633,-1.6551003533024955,-2.374226704312478,-2.0512049471659046,-2.051392314154646,-2.0513384791503464,-2.035035957182082,-2.066083572610615,-1.911715321815324,-2.037874006684333,-2.066485473623707,-2.0247441866761497,-2.062037843937251,-2.176870855284944,-2.178354988394197,-2.1685198831704358,-2.195122879245273
2015-10-01,-1.6649129444052633,-1.6557469505866205,-2.448372868663641,-2.230441569298886,-2.2306473508854587,-2.23058604628698,-2.212946124632726,-2.246554737140851,-2.079357053727605,-2.214957700621629,-2.225433687073636,-2.201831056920734,-2.242181907545205,-2.38722857218201,-2.388650895508057,-2.3758956716353272,-2.407402913096515
2015-10-02,-1.6649129444052633,-1.6558987333443798,-2.374813785008883,-2.025762263786905,-2.0259624363084456,-2.025907518629686,-2.009877501754473,-2.0404578050422613,-1.88829317546146,-2.012404843270717,-2.023895056078382,-1.9997234981355936,-2.0364673396937847,-2.1745039536963247,-2.1760290559441424,-2.166349010179208,-2.1928068906839706
2015-10-05,-1.6649129444052633,-1.6564795291335286,-2.388336146143242,-2.060232811143459,-2.0604461237017957,-2.06039003417471,-2.044121465372272,-2.0751889194275006,-1.9205573716135589,-2.0466879829436517,-2.057541926461228,-2.0337854888410125,-2.071130023285931,-2.24316961783967,-2.2447281621604835,-2.234509127587055,-2.2619956280342253
2015-10-06,-1.6649129444052633,-1.6568730356080938,-2.4125509358013475,-2.130578428457816,-2.1307912759209686,-2.130733376735904,-2.1138438800095094,-2.146081742966969,-1.9854361183476388,-2.1163836193441874,-2.1291965466831835,-2.103087205612014,-2.141874245687087,-2.3310828065504645,-2.332491119163122,-2.320241483935999,-2.350798741337675
2015-10-07,-1.6649129444052633,-1.657823061661482,-2.348598821348883,-1.969413808742854,-1.9696093109822503,-1.9695549680578015,-1.953976104898852,-1.9837415584936493,-1.8352911686661384,-1.9566027661595773,-1.9672217574097632,-1.9440297881828996,-1.9798520926165568,-2.167037820230325,-2.1684947614295225,-2.1585026485352703,-2.184836270961043
2015-10-08,-1.6649129444052633,-1.6575411462266976,-2.302585046899287,-1.8546512372746544,-1.854823714917916,-1.854774490871628,-1.840083974389217,-1.8681263341086356,-1.7282419956895214,-1.84260050966536,-1.8683926045274064,-1.83072687491918,-1.8644699170850003,-2.0523551716952766,-2.053782914401612,-2.044921878139874,-2.069427731034577
2015-10-09,-1.6649129444052633,-1.6572517521343668,-2.247445557571313,-1.7407205552466762,-1.7408669287810865,-1.7408272480404523,-1.7268786205384627,-1.7534151516529417,-1.621391481564202,-1.7292245354405396,-1.7537139951243492,-1.7180910334266284,-1.749960472523434,-1.9377506340016344,-1.9391189392842856,-1.9310121093846155,-1.953906688102852
2015-10-12,-1.6649129444052633,-1.65726527603855,-2.181130403360473,-1.597327506091993,-1.597450710982346,-1.5974168629563883,-1.584508208598635,-1.6089865438415187,-1.4875415809222925,-1.5861552817813571,-1.6092631946009488,-1.576481893503242,-1.6058055143890035,-1.8045905131938005,-1.8058091657428577,-1.7981307254127323,-1.8195545492484175
