,Historical,Variance-Covariance,RiskMetrics,CCC-GARCH,Copula-GARCH Student,Copula-GARCH Gaussian,Copula-GARCH Plackett,Copula-GARCH Clayton,Copula-GARCH Rotated Clayton,Copula-GARCH SJC,Copula-GARCH Frank,Copula-GARCH Gumbel,Copula-GARCH Rotated Gumbel,Copula-MSM Student,Copula-MSM Gaussian
2013-10-17,-3.2112838745234207,-2.6149292699238345,-2.70253757168062,-2.2664033319503902,-2.268438028362998,-2.266370400756576,-2.2085202150188463,-2.2883706899821035,-1.970637567249092,-2.275946561974927,-2.124392960445027,-2.221527948908376,-2.285164139680965,-2.5954880085242613,-2.591780261829302
2013-10-18,-3.2112838745234207,-2.6128489942385644,-2.645782213836079,-2.185637962705444,-2.1876841855692755,-2.185599549973357,-2.1297786309592137,-2.2068029569058614,-1.900353395516929,-2.1947500822630865,-2.048471291944049,-2.142452270555504,-2.2037153801634983,-2.5241784869415005,-2.520287434267413
2013-10-21,-3.2112838745234207,-2.6129571476855893,-2.625724591770652,-2.175097007649323,-2.17710120989952,-2.1750679256814185,-2.1195501059358373,-2.1961562834506703,-1.891764547400292,-2.1842931219874897,-2.036731303765116,-2.132114179326423,-2.1930811144151794,-2.567239722504973,-2.5632687467852717
2013-10-22,-3.111555632892665,-2.593220758777589,-2.5461247886302805,-2.0673850133889493,-2.06947926879382,-2.0673968431575886,-2.014602949595359,-2.087758307172189,-1.7967749811357538,-2.0764449371689517,-1.9562491653946568,-2.026222630199921,-2.0848017209650287,-2.534799381445149,-2.526012237634618
2013-10-23,-3.111555632892665,-2.5909923613739063,-2.4794482573646124,-1.985968360429745,-1.9879881075728527,-1.9859833333340704,-1.9349546926055767,-2.0056950032850875,-1.7248519367253534,-1.994552108760712,-1.8678157605553736,-1.9461296614766688,-2.0028286425378767,-2.4425620079000225,-2.4336537187752327
2013-10-24,-3.111555632892665,-2.591357381276701,-2.422380819160653,-1.9447525495204323,-1.9467043896749576,-1.9447617942040196,-1.894893288355412,-1.9639797516771893,-1.6891428565974325,-1.9531032270803776,-1.8275564399921589,-1.9058356538455008,-1.9611826458707875,-2.4062257524291724,-2.3978586607078274
2013-10-25,-3.111555632892665,-2.5913578949701,-2.3620516812884165,-1.8709882381908816,-1.87285117982176,-1.870994066274774,-1.82301010361478,-1.889444765752508,-1.6250717017216614,-1.8789696901220556,-1.7475795488436296,-1.8336057062970768,-1.886760811503277,-2.1659176654531604,-2.1620481986368763
2013-10-28,-3.111555632892665,-2.589279330901766,-2.301532849026218,-1.802348353389917,-1.804180963130504,-1.8023560939471532,-1.756094744056126,-1.820116266048164,-1.5653940298417066,-1.809902866399556,-1.7047476179320644,-1.7664264233606866,-1.817540386752158,-2.1746054487407718,-2.1678571601482477
2013-10-29,-3.111555632892665,-2.5874976671030625,-2.231466072951628,-1.726843126791773,-1.7285561329466967,-1.7268465938663398,-1.6822537657968637,-1.743889245525848,-1.4993878173787043,-1.7340379858470052,-1.623079908602579,-1.6923172063733776,-1.7414137643371532,-2.0177026476892017,-2.012261922799909
2013-10-30,-3.111555632892665,-2.586841179013053,-2.177520162284426,-1.6767043611368808,-1.678306172988419,-1.676705602045578,-1.633053754496067,-1.6932880897418243,-1.4550156673070458,-1.6836896862967166,-1.585425676979418,-1.6430136521278715,-1.6908735890714093,-1.8550594044095097,-1.8516143437261745
2013-10-31,-3.111555632892665,-2.585480612260169,-2.1318713060057224,-1.6727814445862108,-1.6744109264464602,-1.6727814003764294,-1.629298363429554,-1.6893619745597954,-1.4515765439008856,-1.6799576397120903,-1.567181263081542,-1.639136261991995,-1.6869494708671149,-1.848804273098366,-1.8455542535792608
2013-11-01,-3.111555632892665,-2.5860097704088325,-2.0755304356644038,-1.6376145410266163,-1.6391610686395768,-1.6376136148371647,-1.5949563412606849,-1.653817567164798,-1.4207500655968377,-1.6444162599673744,-1.548354753127462,-1.6046510100149425,-1.651455700767166,-1.793644892872816,-1.7908093850663152
2013-11-04,-3.111555632892665,-2.5860925443911373,-2.014761620734069,-1.5778167141390167,-1.5792574976601408,-1.5778158801237216,-1.536524730321556,-1.5934310654540114,-1.3684164735267037,-1.5843302090045557,-1.4915904566862646,-1.5459763352223297,-1.591149403181766,-1.5781380896230828,-1.5753366970420213
2013-11-05,-3.111555632892665,-2.581006418628947,-1.9643268711773552,-1.5321156933797566,-1.5337506306042898,-1.5321242389354517,-1.4922258640489785,-1.547437066041383,-1.3287160478759443,-1.538725820206739,-1.448418142785046,-1.5012965588139575,-1.545214520537708,-1.814689286885241,-1.810031523196199
2013-11-06,-3.111555632892665,-2.580467115843704,-1.905320237928608,-1.4916710278985186,-1.493155216743628,-1.4916759604258276,-1.452554643397494,-1.5065889314595085,-1.293040110067033,-1.4980065273230052,-1.4099490520404634,-1.461513619029172,-1.5044176223752954,-1.7780076375417473,-1.7734036987378448
2013-11-07,-3.111555632892665,-2.5804584469035903,-1.8483852954004392,-1.4606476548541416,-1.462132666131222,-1.460651316371908,-1.4222902873131864,-1.475267084369706,-1.266012862785917,-1.466892349631521,-1.3706469906940222,-1.431130063388614,-1.473139772927569,-1.767210643769032,-1.7628539553273972
2013-11-08,-3.111555632892665,-2.5793053702864364,-2.0162659504774423,-1.886431264342043,-1.8881024919586649,-1.8864306794406416,-1.837944414481639,-1.9047365890775383,-1.6408550364907737,-1.8942597931666163,-1.7849714428819277,-1.849145070032273,-1.9020604756027792,-2.3272975062129,-2.3196480440189124
2013-11-11,-3.111555632892665,-2.57853861736584,-2.1251654309303443,-2.052733421993436,-2.054719725966452,-2.052731348362783,-2.0004098295812125,-2.072500734760424,-1.7870713587031186,-2.0611286391167285,-1.922373907332276,-2.012730902702612,-2.069622101407597,-2.5764715177107527,-2.5674429361418536
2013-11-12,-3.111555632892665,-2.5756362976096305,-2.0605719124147845,-1.9529775723360336,-1.954720579720341,-1.95297164564816,-1.903170243279352,-1.971646676431429,-1.699817177772574,-1.9608555613718872,-1.8327592585017465,-1.914911468311064,-1.968901380990772,-2.295076655588428,-2.289801586254305
2013-11-13,-3.111555632892665,-2.575052499664195,-1.998910824524657,-1.8716854707492188,-1.8733658292934676,-1.871678929389748,-1.8238558250240136,-1.8896109928750104,-1.6284225838055957,-1.87907472583154,-1.7703338892745617,-1.835130292392786,-1.8869748195590796,-2.2158133558985385,-2.209070029262499
2013-11-14,-3.111555632892665,-2.56446093523574,-2.0172139381847844,-1.8959402050922636,-1.8976167694458963,-1.8959389451207904,-1.84748223179326,-1.9140964065362565,-1.6498123799647328,-1.9034420731893684,-1.7934559273183006,-1.8588974805849976,-1.9114291838818167,-2.358690653848143,-2.3508767142034057
2013-11-15,-3.111555632892665,-2.564054135608321,-1.9648615476783704,-1.823667755202975,-1.825268157987912,-1.8236630755522931,-1.7768136571464015,-1.841216225254747,-1.5860102065392738,-1.8309631204280288,-1.7248196569817449,-1.7878570603867108,-1.838632874759584,-2.2194924610408258,-2.2126436486359173
2013-11-18,-3.111555632892665,-2.5623116108533828,-1.9170718284074637,-1.7568803183107564,-1.758444203591364,-1.7568730285966605,-1.7116787376299176,-1.7738218645313428,-1.5273417922944208,-1.7641223641194217,-1.6613818169469914,-1.7223220017720766,-1.7713289118660571,-2.0900520705113728,-2.084350310876826
2013-11-19,-3.111555632892665,-2.5580673613176987,-1.8952478977612344,-1.7737850831797937,-1.7753312266282415,-1.7737905962738594,-1.728278235747787,-1.7908596846102882,-1.5434522384489506,-1.7807167483703008,-1.6780971370499067,-1.7389569173252737,-1.788352421573568,-2.159450464897315,-2.1535888467088866
2013-11-20,-3.111555632892665,-2.558463497053528,-1.8467956284510236,-1.72676874115435,-1.7282745901519805,-1.7267708207097567,-1.6824220761095432,-1.743395273857599,-1.502554579939444,-1.7336572906799528,-1.633630703799805,-1.6928518856226842,-1.740953053121264,-2.0669598079861697,-2.0617753605586286
2013-11-21,-3.111555632892665,-2.558229991834115,-1.799397375551377,-1.6850136704855738,-1.6864844479936607,-1.6850128957131567,-1.6415263498166903,-1.7012906084105717,-1.4654722146766543,-1.6919204117474438,-1.581134548431528,-1.6518003486350796,-1.698899122406212,-1.9975482507307891,-1.9927410892691075
2013-11-22,-3.111555632892665,-2.5534049529676235,-1.8373722054454773,-1.7450056877576066,-1.7464977067170635,-1.7449986912959785,-1.700040423232834,-1.7618084578379385,-1.5183580988000986,-1.7519176083780994,-1.633919819260551,-1.7106582651464264,-1.759340029705667,-2.1764006436038343,-2.170578463130017
2013-11-25,-3.111555632892665,-2.552929154639728,-1.806815391191235,-1.7011943015898958,-1.702659171632307,-1.70118831131965,-1.6572184121805291,-1.7176084965645002,-1.4797574552457993,-1.7080147533129133,-1.5925632449725855,-1.6676626995368975,-1.7151990185587906,-2.105974616096595,-2.100470311156071
2013-11-26,-3.111555632892665,-2.5477884700658344,-1.751838299195288,-1.6404594117912417,-1.6418948285773547,-1.6404674225019846,-1.597987327648795,-1.6563676142094308,-1.426421364248049,-1.6469141227054434,-1.539124651392248,-1.6080544161510957,-1.6540336513723632,-1.9612222341581664,-1.956512928701542
2013-11-27,-3.111555632892665,-2.5439599705950364,-1.7068696919995687,-1.5932378609445712,-1.5946639324203955,-1.5932434858859073,-1.5519200951066532,-1.608741390420365,-1.3852332497120492,-1.5993608067666558,-1.4951324205755234,-1.5617048835494225,-1.6064612466905133,-1.9009687835089848,-1.8965656365187409
2013-11-29,-3.111555632892665,-2.5433679943757945,-1.67541230672562,-1.5597602192012885,-1.561162811429541,-1.5597628040883424,-1.519304762218503,-1.574943567283964,-1.356494549470638,-1.5657147023868074,-1.4615534048084184,-1.5289359000429232,-1.572709214918791,-1.8870906086837709,-1.8826983941280508
2013-12-02,-3.111555632892665,-2.54298019250258,-1.6265457559521737,-1.5130293693477697,-1.5143885273149038,-1.5130283509564475,-1.4736016490937645,-1.5278463657584835,-1.315307419083505,-1.518833011062806,-1.4224624112029434,-1.4829831392178678,-1.5256627338967983,-1.826173599679132,-1.8219118122959368
2013-12-03,-3.111555632892665,-2.539078611205273,-1.5872830834124665,-1.4980360614521198,-1.499442151206087,-1.4980636870036326,-1.4590925694083492,-1.512782015675957,-1.3021777669753154,-1.504008585181987,-1.41708977159152,-1.468302830267649,-1.5106139341515874,-1.7825325399948837,-1.7779390210192898
2013-12-04,-3.111555632892665,-2.539624647802762,-1.5460226946337994,-1.473494698451561,-1.4748687523208373,-1.473514310439913,-1.4350073328077222,-1.4880445923619976,-1.2800128715072177,-1.4792737188669876,-1.3803524862128744,-1.4441056241612555,-1.4859031960158948,-1.7925102450889718,-1.788151311094865
2013-12-05,-3.111555632892665,-2.537799956308552,-1.4992559333713216,-1.4321113761592947,-1.4334278443799622,-1.4321254739291722,-1.3946306626307954,-1.4462729876601683,-1.2434599074193078,-1.4376850950308104,-1.3541837321629508,-1.40347886580583,-1.4441848648737368,-1.702713032673212,-1.6983167166175972
2013-12-06,-3.111555632892665,-2.537989519865408,-1.4621457499175723,-1.4241073309047856,-1.425409502775706,-1.4241174636442273,-1.386583983544154,-1.4382834205707955,-1.235450700692113,-1.4295655339149698,-1.3463594413053397,-1.395424648400189,-1.4361926671254923,-1.755768139327254,-1.751414669228188
2013-12-09,-3.111555632892665,-2.5376900149946584,-1.5116922858102024,-1.5211115057552265,-1.5225047818773223,-1.5211173004723375,-1.480774250410116,-1.536390768808257,-1.3180219295760571,-1.527276408263004,-1.437777237373252,-1.4901715889954066,-1.5341340249797517,-1.924672292947121,-1.9199579408328864
2013-12-10,-3.111555632892665,-2.5372554019198903,-1.4687406352459318,-1.4670867659119418,-1.4684458005419103,-1.4670872520722502,-1.4281540195464146,-1.4818550637030246,-1.2707895046846172,-1.473264130562173,-1.3865323388526851,-1.4371827264636443,-1.479676456353371,-1.819260455806741,-1.8149117772549848
2013-12-11,-3.111555632892665,-2.537837869881952,-1.4317334426366533,-1.4436132904723848,-1.444970127938061,-1.4436096905055198,-1.4053532256404904,-1.4581443112833,-1.250336134570854,-1.4500556570168095,-1.3541526126245702,-1.4141971027478617,-1.4560029179929597,-1.800036349949288,-1.7955446403271385
2013-12-12,-3.111555632892665,-2.5401040715283885,-1.5659482416271535,-1.7203688625826383,-1.7219315409434677,-1.7203606137949758,-1.67523928460708,-1.737400814628711,-1.493080229137389,-1.7279753138230547,-1.6139626480329474,-1.68576857684007,-1.7348871866850466,-2.0431399141737128,-2.0390907599391404
2013-12-13,-3.111555632892665,-2.540688900007622,-1.5252621707087617,-1.6713162901410346,-1.672818478426547,-1.6713054078162952,-1.6272629113463364,-1.6879058547320152,-1.4499736195916897,-1.678729879209408,-1.565119214219585,-1.637580454828386,-1.6854557520697515,-2.047560583771069,-2.042087905751093
2013-12-16,-3.111555632892665,-2.540635964325707,-1.4788776619215445,-1.6044837782703103,-1.6059339311313543,-1.60447165352538,-1.5621934528850734,-1.6204368491437575,-1.3916032339533089,-1.6115509381358248,-1.516998548504462,-1.5720450151388214,-1.6180835100651374,-1.9134175042823496,-1.9087149399516767
2013-12-17,-3.111555632892665,-2.532932317981324,-1.4838444919345892,-1.5986158320812294,-1.600070730575042,-1.5985968679316285,-1.5564865115035886,-1.6145619893135006,-1.3863258908434386,-1.6057099431498936,-1.5114520076126288,-1.5662416225846023,-1.612210718335645,-1.94279522455096,-1.937790084402525
2013-12-18,-3.111555632892665,-2.530686993956349,-1.4444855405558148,-1.5579364085591338,-1.5593377316665933,-1.557909658440505,-1.5167415946554943,-1.5735078497849166,-1.350617485557881,-1.5647220697813726,-1.460696502052471,-1.5262815572586708,-1.5712108415569208,-1.867069531646536,-1.861770491901615
2013-12-19,-3.111555632892665,-2.531282470939291,-1.6113666116030043,-1.7941751106027402,-1.7957647727110393,-1.794148616610849,-1.7469696758946065,-1.8120507181194925,-1.5561507153632084,-1.802092468146876,-1.6967117274800578,-1.7577727332251851,-1.8094123361757652,-2.2543476252130983,-2.2465206548594887
2013-12-20,-3.111555632892665,-2.531742990797535,-1.5654811958270711,-1.727236843670949,-1.7287622113076515,-1.727213405361689,-1.6816716964620646,-1.7444370058441636,-1.4976412421574503,-1.734598381428269,-1.633113014367208,-1.692176221110648,-1.7419014935125368,-2.097743042640404,-2.091999256069772
2013-12-23,-3.111555632892665,-2.531786379213961,-1.58662774397314,-1.743165936054754,-1.7447755794354598,-1.7431440821493691,-1.697309284010557,-1.7605948861885206,-1.5113924054366117,-1.750853707233143,-1.638269224068768,-1.707756482581925,-1.758029063162465,-2.1725747538238074,-2.1662609887090856
2013-12-24,-3.0801747476922774,-2.518517911001024,-1.604457968013549,-1.7477080198849453,-1.749279286796057,-1.747711883002793,-1.7017355621267207,-1.7653092439180764,-1.515165259768381,-1.7556515424241923,-1.635516378529055,-1.7119897419205137,-1.762715369352223,-2.1988128666066733,-2.1924649077074845
2013-12-26,-3.0801747476922774,-2.5184123091562065,-1.5608119698270957,-1.673731655072889,-1.6752512714184182,-1.6737310056751409,-1.6295827452378877,-1.6906165787219178,-1.450585621720207,-1.681302766345875,-1.5827670095246802,-1.639477698505359,-1.688130169895507,-2.044640207677782,-2.039401819460614
2013-12-27,-3.0801747476922774,-2.518160198940921,-1.5285180251518395,-1.6197553734955823,-1.621263044443916,-1.6197512136144097,-1.5769411385472316,-1.6360905049669845,-1.4036360119834883,-1.627302444161591,-1.5152565935450697,-1.586671446003366,-1.6336878893485238,-1.9549601128508556,-1.9502637666946885
2013-12-30,-3.0801747476922774,-2.5164003538573305,-1.4842251798321409,-1.5696727524323506,-1.5710912608277652,-1.5696653864901635,-1.5280405386382894,-1.5855419431442304,-1.3599875884488997,-1.5767836659421532,-1.4702257026056522,-1.5374801227457748,-1.583203450997934,-1.863745901298531,-1.859118748670444
2013-12-31,-3.0801747476922774,-2.516578467623672,-1.4391701954773304,-1.5129860535550244,-1.5143875634854662,-1.5129771333949829,-1.4728930256993331,-1.528300149885492,-1.3105697516589156,-1.519990971441006,-1.4187504870057643,-1.481948577113168,-1.5260471158707112,-1.7826764100441044,-1.778492326225279
2014-01-02,-3.0801747476922774,-2.5165798604219503,-1.42040771157907,-1.4820171818687653,-1.4834112691955978,-1.4820074268705514,-1.4428146498426837,-1.4970106460606432,-1.2837131676929303,-1.4886169604997814,-1.400973009343059,-1.4516656074268472,-1.4948103929456096,-1.781140762227889,-1.7769966057648137
2014-01-03,-3.0801747476922774,-2.517000099936315,-1.4594496393689933,-1.596969616720953,-1.5984594427020995,-1.5969551163883045,-1.5548816850177063,-1.6130568748977987,-1.3836606975990602,-1.603914852880528,-1.5098160504657303,-1.564348492291304,-1.6106975276438766,-1.9796464802439684,-1.9749364511974588
2014-01-06,-3.0801747476922774,-2.517444341786402,-1.417620433207373,-1.547343731664766,-1.5487948637116582,-1.5473318452193148,-1.5063862933850052,-1.5629769190658864,-1.3404406687276105,-1.5541693425994632,-1.4512405533417785,-1.5156563537344478,-1.560681907798474,-1.8688397807293875,-1.86456798412677
2014-01-07,-3.0801747476922774,-2.507653166353456,-1.3885711935725245,-1.525780699752559,-1.5272113949838546,-1.5257776040006203,-1.485343983115592,-1.5412959313443322,-1.321420414420354,-1.5329882501343033,-1.4425555860983106,-1.494365279120382,-1.5390162860754184,-1.831325054639804,-1.8268650851724424
2014-01-08,-3.0801747476922774,-2.507289271300749,-1.4179195507136075,-1.5523413723484338,-1.5537990885484845,-1.5523366864342485,-1.5113548965566332,-1.5680315033835317,-1.3452186267544102,-1.5595344252449077,-1.4568347286013446,-1.5205382774333844,-1.5657277429872345,-1.9210935153361204,-1.9166544360769693
2014-01-09,-3.0801747476922774,-2.500654712548001,-1.376997586383003,-1.4978837509726173,-1.4992385869788305,-1.4978784348740417,-1.4581735263777202,-1.5131326291512313,-1.2971506900873035,-1.5050562734494508,-1.4052825741488146,-1.4669320541839783,-1.510892853468785,-1.8266405755973776,-1.82208158001786
2014-01-10,-3.0801747476922774,-2.5007018446676264,-1.3361639424178655,-1.4539956632351312,-1.4553225169805877,-1.453988481242373,-1.415312476063945,-1.468817316126041,-1.2591148449485414,-1.4608959572344775,-1.3669111158272067,-1.4239295668401413,-1.4666392092855771,-1.765989914640043,-1.7616126019740803
2014-01-13,-3.0801747476922774,-2.500699390437464,-1.3096172953565992,-1.415512666190509,-1.4168255281723312,-1.4155057663289516,-1.3777175540388271,-1.4299639741299734,-1.2256845105151135,-1.4221293440159066,-1.3230439486513557,-1.3862305089035971,-1.4278406072268464,-1.737759124990945,-1.7334564426121697
2014-01-14,-3.0801747476922774,-2.503724222485374,-1.4914999592616485,-1.7560783110198117,-1.7577137606198516,-1.7560691008679523,-1.709893801902839,-1.773678563521326,-1.523429410195571,-1.7641349956969774,-1.6496258549267466,-1.720360155018214,-1.7710896457007972,-2.0598104926212004,-2.055844392229475
2014-01-15,-3.0801747476922774,-2.5015771265528994,-1.6456121574492386,-1.9213595185074868,-1.9231487557323024,-1.9213340939898595,-1.871238738741472,-1.9403811171456284,-1.6698490118424631,-1.929986952551188,-1.801667027443928,-1.8827822916452008,-1.937577862342364,-2.421109708794889,-2.413515955565249
2014-01-16,-3.0801747476922774,-2.5015765740995968,-1.6362537028794488,-1.8700543905756544,-1.8718145555236487,-1.870036558861188,-1.8212906186383824,-1.8885881550593488,-1.6252400110480372,-1.87847411138998,-1.7555177974079312,-1.832529438954103,-1.885860610906836,-2.340077226367475,-2.332806568963702
2014-01-17,-3.0801747476922774,-2.4953725506769957,-1.5864573707805645,-1.7863558607831882,-1.7880905358069012,-1.786391621659403,-1.7395606762533151,-1.804237333348192,-1.551690577803014,-1.7944676842002192,-1.677500087942735,-1.7503609264701236,-1.8016136466002253,-2.166524071398674,-2.160380457246786
2014-01-21,-3.0801747476922774,-2.4960582316269813,-1.5589790881130354,-1.7523900030294643,-1.7541203337247675,-1.7524221889290537,-1.7065721664727556,-1.7699455173726977,-1.5221982740967013,-1.7608081216605993,-1.658338310014856,-1.7171339190687316,-1.7673689010400626,-2.126102457234864,-2.1201768436701878
2014-01-22,-3.0801747476922774,-2.495814988057854,-1.5353341443499444,-1.6981775778829225,-1.699835165800534,-1.6982043897219012,-1.6536560665355384,-1.7152039262051306,-1.4751305158714112,-1.7059813971554123,-1.597815716962926,-1.6639530088671066,-1.712702955451228,-2.050159234855456,-2.0448955935459336
2014-01-23,-3.0801747476922774,-2.495533812132215,-1.4944363387986723,-1.6322768767784994,-1.6338541669645803,-1.6322991145060606,-1.5892637600167607,-1.6487087217191805,-1.4173746088321812,-1.6400652001298066,-1.544659461425063,-1.5992096747882885,-1.6462895017212655,-1.9402566005707185,-1.935377826105641
2014-01-24,-3.0801747476922774,-2.497003976962201,-1.507679267228243,-1.6945118031865305,-1.6961310325703889,-1.694533373633804,-1.6495071034560562,-1.7116833489675347,-1.4696681259370965,-1.7023578650750513,-1.5903413408797158,-1.6599394258503664,-1.709161622591053,-2.0660139920794367,-2.060635389505911
2014-01-27,-3.0801747476922774,-2.503594842254792,-1.9042023799700225,-2.329965878381687,-2.3321221048592986,-2.329998531416692,-2.269051423630199,-2.353072433085296,-2.024680869105619,-2.3399341706653205,-2.205274133169258,-2.283307248782108,-2.3496760158186465,-2.7488283213657003,-2.74046271523498
2014-01-28,-3.0801747476922774,-2.502102923781968,-1.8998869051792535,-2.305959488092028,-2.308159047093834,-2.306066550406762,-2.245677011192048,-2.3290206687545383,-2.004280110263065,-2.3162097318633528,-2.1659764986997625,-2.259676090086844,-2.325650590547073,-2.683249398874869,-2.6736914533895613
2014-01-29,-3.0801747476922774,-2.501798703868112,-1.862330294222116,-2.1930758180102985,-2.19512683314276,-2.193166289758328,-2.1356294169017387,-2.2149437984466616,-1.9055820596210689,-2.202595271768783,-1.976207222763084,-2.1490342323832667,-2.2117432215171147,-2.5950150991186685,-2.586763915824354
2014-01-30,-3.0801747476922774,-2.5041260620155548,-1.908342988149963,-2.249087471872214,-2.251187572062092,-2.249168331657412,-2.190393319759462,-2.271443400996941,-1.9546237856822075,-2.2589762234692508,-2.129026617461084,-2.204009062072612,-2.2681697334486914,-2.684740213991036,-2.6761257074669857
2014-01-31,-3.0801747476922774,-2.5046851625650373,-2.023389095127152,-2.3474850241111564,-2.349634001181308,-2.347557421258654,-2.2866113373747603,-2.370628124081029,-2.041892694434549,-2.357593206066196,-2.2082039354127003,-2.3006806701333167,-2.3672374820711157,-2.77469911166428,-2.766672518377588
2014-02-03,-3.0801747476922774,-2.5049388731944786,-1.987377726705456,-2.2660937656912976,-2.2681592900522123,-2.266155314740986,-2.207054725899429,-2.288490037143087,-1.970198095787764,-2.2760413382510114,-2.131230520906614,-2.2207558596368133,-2.285207055528554,-2.702815673002142,-2.694778189677522
2014-02-04,-3.0801747476922774,-2.513127296427405,-2.387758991655604,-2.8869502991683653,-2.889627176825364,-2.8870306379512893,-2.8125531566674256,-2.915178513340924,-2.513020545920834,-2.8994739754995806,-2.7144761147095244,-2.8298632401186623,-2.9110367714699947,-2.998912318894252,-2.9914857728423274
2014-02-05,-3.0801747476922774,-2.5128199304497545,-2.360703057691233,-2.7501378197359245,-2.7527194279121576,-2.750201234394496,-2.679442056225924,-2.7770249111521355,-2.3936737968399555,-2.761535709216896,-2.588122311052634,-2.6957950351723103,-2.773086586794744,-2.8774014823493737,-2.8697611815326947
2014-02-06,-3.0801747476922774,-2.512635247193251,-2.2974499658682728,-2.5988308651685315,-2.6012533232677577,-2.59890150609393,-2.531858143249355,-2.6242904304924037,-2.261685098838212,-2.610055399318042,-2.4609522620935818,-2.5473530576914536,-2.6205564396001426,-2.763595537417884,-2.755810313825757
2014-02-07,-3.0801747476922774,-2.512941330008498,-2.327222444422396,-2.5753866500384555,-2.5777859343562097,-2.5754427297296547,-2.508868939349514,-2.600658328845143,-2.240374099623869,-2.586850774654447,-2.4384324500489964,-2.5242377901353863,-2.596951734505482,-2.805156989455663,-2.79740357038055
2014-02-10,-3.0801747476922774,-2.5126219451598404,-2.4129557122033973,-2.6365831973180884,-2.6390736331535734,-2.636630702805285,-2.568837811381071,-2.6623504987302686,-2.294393607950101,-2.64797965986626,-2.493630723706732,-2.58443646190395,-2.658573728057836,-2.886593866441925,-2.8788752945633123
2014-02-11,-3.0801747476922774,-2.5110450676438782,-2.347838840882059,-2.481483985435013,-2.483835771741768,-2.4815211005195543,-2.417681258400392,-2.505768656976098,-2.1590283425946004,-2.492570471911615,-2.349456425519465,-2.43232651864426,-2.502207443076345,-2.7499852481726004,-2.742081560656569
2014-02-12,-3.0801747476922774,-2.5106883998624894,-2.3557162674226024,-2.445843161309545,-2.448145881198407,-2.445876281651385,-2.3827144898319057,-2.469836484839756,-2.1271514187451914,-2.4564490505013623,-2.2917506539748045,-2.397218115103367,-2.4663151497503883,-2.7734911908979973,-2.7656268165025275
2014-02-13,-3.0801747476922774,-2.510101458392679,-2.2847891801343723,-2.300666012314202,-2.3028228333959047,-2.300689753519665,-2.241034837008119,-2.323298240587513,-2.000258177716863,-2.310537469534043,-2.1778207152278326,-2.254782407945763,-2.319975389667729,-2.6199194613884838,-2.614395138895257
2014-02-14,-3.0801747476922774,-2.5073372768431,-2.2567013866173014,-2.2227342490453426,-2.224808613267799,-2.2227504952295107,-2.1650400229687663,-2.2446165002653813,-1.932493713988979,-2.232309191878712,-2.1040334197190638,-2.178364077005929,-2.241403065070916,-2.569831245186032,-2.564360790546919
2014-02-18,-3.0801747476922774,-2.5068474990164797,-2.193736978113719,-2.1098788640565664,-2.111815875878671,-2.1098877495698307,-2.05478044688949,-2.130736671498878,-1.8334765557359336,-2.118737472615702,-1.996978340112052,-2.067538105601638,-2.1276666451271766,-2.439700259122939,-2.4344391803244942
2014-02-19,-3.0801747476922774,-2.5068600080918726,-2.138818335547804,-2.012231279589341,-2.0140714897420384,-2.012238293041956,-1.9595758957102796,-2.032199960886724,-1.748372197538325,-2.020804803444632,-1.8894706312113876,-1.971718569522493,-2.029256821676042,-2.309204444495969,-2.3041979882943537
2014-02-20,-3.0801747476922774,-2.5061015747913813,-2.1157090748002227,-2.0047676210613314,-2.0066003317008305,-2.00476687566722,-1.9523971602001329,-2.024646228198655,-1.741938139708801,-2.0133089964724435,-1.897560652420173,-1.9644056777689272,-2.021716695809362,-2.3448875280431167,-2.3397976346349685
2014-02-21,-3.0801747476922774,-2.496823856114351,-2.0842945462163103,-1.9425959216711424,-1.9444007891037731,-1.942646902357048,-1.8917418052373265,-1.961949556479808,-1.6872350421304805,-1.951086478442817,-1.8384326991190505,-1.903441771841924,-1.9591038245699264,-2.398243982287244,-2.390922536678801
2014-02-24,-3.0801747476922774,-2.4969007002224624,-2.022476659678759,-1.8538873969657472,-1.855639670199696,-1.8539373484455672,-1.80533539427835,-1.8723988731106616,-1.609815820928889,-1.8620586015992704,-1.740011510678002,-1.8164996648216276,-1.8696761771899404,-2.241202074756657,-2.2347495892360763
2014-02-25,-3.0801747476922774,-2.4968938747101763,-1.995947849638584,-1.811248549544175,-1.812966505288189,-1.8112921902655428,-1.7637321639608197,-1.829369389062851,-1.5723955557338587,-1.819372459955007,-1.7137943608726551,-1.7746556570598375,-1.8267048396027463,-2.225944711731439,-2.2195766350811423
2014-02-26,-3.0801747476922774,-2.497056077677452,-1.9365635303126072,-1.733876802094,-1.7355188196140885,-1.733916110113086,-1.6883103946307414,-1.751276894559714,-1.5046888408584085,-1.7414996952013808,-1.6404463928659234,-1.6987263163696045,-1.7487154159194207,-2.0711380371905035,-2.065880988826085
2014-02-27,-3.0801747476922774,-2.495968056293413,-1.8778126091636085,-1.6572624482611693,-1.6588131083128348,-1.6573200038224802,-1.613720512668802,-1.6739336828166833,-1.4380273342521623,-1.664412528124403,-1.5554975491748502,-1.623692067798849,-1.671482739503796,-1.9281773967362392,-1.923834779006048
2014-02-28,-3.0801747476922774,-2.495597376690964,-1.8482472748200875,-1.62232711715399,-1.623867892977798,-1.62237494429271,-1.5796664019277489,-1.638673213280765,-1.4074383454378931,-1.6293152205884447,-1.5346815975638055,-1.5894202956484953,-1.6362733379865173,-1.9222002992384528,-1.9179444557056036
2014-03-03,-3.0801747476922774,-2.4957852621410104,-1.7919590662559417,-1.567471226734886,-1.568981883409848,-1.5675109728202414,-1.5260220121803998,-1.583376437947364,-1.3593755991705352,-1.5745184677328896,-1.48280923060539,-1.5354923269466878,-1.5810406958723355,-1.8485271430504029,-1.8444660066677687
2014-03-04,-3.0801747476922774,-2.4970154279665184,-1.7863786311054863,-1.6326255071534228,-1.6342072102335783,-1.6326607024931312,-1.5894130578539216,-1.6491905687636257,-1.4156553713808164,-1.6400700341880905,-1.544430815098261,-1.5992810818669416,-1.646758012365217,-1.875269386099614,-1.871613649843687
2014-03-05,-3.0801747476922774,-2.4980371124994334,-1.9634072620825072,-1.94004026754194,-1.9419304333528304,-1.940077748980605,-1.889067149239328,-1.959532304812086,-1.6840993981974353,-1.9487359773414243,-1.8150458593381948,-1.900840519608905,-1.956667311055193,-2.364415494554988,-2.359045494891134
2014-03-06,-3.0801747476922774,-2.4978969897476926,-1.9039679238753024,-1.8396857578859969,-1.8415008104612745,-1.839718991940763,-1.7912813755255566,-1.858227687925756,-1.5964197295436064,-1.8477887416697545,-1.7405902046079635,-1.8024219700384,-1.8555039972835767,-2.168347937342948,-2.1636218533842464
2014-03-07,-3.0801747476922774,-2.4962454524293647,-1.845996457337108,-1.7535134884553571,-1.755235609091283,-1.7535416716445873,-1.7071478489337677,-1.771255587096747,-1.5211204003451315,-1.7615472421832652,-1.6589102575301984,-1.717852074046314,-1.7686462491354564,-2.0090068203615625,-2.0048823462806253
2014-03-10,-3.0801747476922774,-2.4900718750219677,-1.7919723967490016,-1.6868290300289797,-1.6884948752557525,-1.686896187720764,-1.6419193689074827,-1.7040205233775243,-1.462887613439395,-1.6947477583508197,-1.5830562269814463,-1.6524026050444705,-1.7014938737665548,-1.9027125316432687,-1.8993152854286883
2014-03-11,-3.0801747476922774,-2.489864432685667,-1.7375591822928165,-1.6156211887503855,-1.6172329757129955,-1.6156806586233234,-1.5726116279920646,-1.6321239568539052,-1.400712700517741,-1.6229693788857655,-1.528246230112572,-1.5825911397846248,-1.6297003917218047,-1.7983787954700483,-1.7951361107764472
2014-03-12,-3.0801747476922774,-2.490918954794368,-1.715675305945205,-1.6300629828773907,-1.6316931610166288,-1.6301202124048602,-1.5867534476161238,-1.646700861934141,-1.4134317145918984,-1.6377589972223472,-1.5420326714109198,-1.5967501360886542,-1.6442548935287642,-1.8415739762530736,-1.8382444934654556
2014-03-13,-3.0801747476922774,-2.490069036162516,-1.6673974174861657,-1.567975215691107,-1.5695566981949416,-1.5680439642758022,-1.5262369674616676,-1.584022229584062,-1.359523304161495,-1.5753504405420444,-1.471305007380192,-1.5359385531267558,-1.581663701385197,-1.8069551794108016,-1.802909077241072
2014-03-14,-3.0801747476922774,-2.4931427725899225,-1.7833667288985104,-1.8503139087710487,-1.8521553707592269,-1.8503919418560413,-1.8015366825583832,-1.8690230226764284,-1.606685116954952,-1.8590109914801036,-1.75121244222258,-1.8128798035828968,-1.866265947722352,-2.166596896847192,-2.1622152959760808
2014-03-17,-3.0801747476922774,-2.49365553875456,-1.7385003150420442,-1.7866670635174708,-1.78846060184575,-1.7867413591476788,-1.7396501443252068,-1.8047443974002213,-1.5513153086545126,-1.795108500085721,-1.6908959310539264,-1.7505300262302044,-1.8020801700268836,-2.05529853741846,-2.0513485887685667
2014-03-18,-3.0801747476922774,-2.493479924909836,-1.759144933346294,-1.8089564554732975,-1.810747674547008,-1.809034835703957,-1.761064080184064,-1.8273358978240088,-1.5695626681884425,-1.8175573729756536,-1.7117212279398104,-1.772153726020004,-1.824623141968976,-2.152770355412801,-2.1482517245853927
2014-03-19,-3.0801747476922774,-2.4932486902914897,-1.79450877045114,-1.8461479879641212,-1.8479431057717064,-1.8462179996180488,-1.7973607807299286,-1.8648380448456057,-1.6029366632053836,-1.8550092272007432,-1.7333202017933962,-1.808658111702617,-1.862076440552299,-2.2278298208721945,-2.223275468314477
2014-03-20,-3.0801747476922774,-2.4944485157535627,-1.773675505145846,-1.8342911194133504,-1.836078113234072,-1.834352750987804,-1.7857656644708473,-1.8528895071222475,-1.592137391751283,-1.8432876630017407,-1.7220347635301116,-1.796949785198507,-1.85013885988421,-2.2038753977335896,-2.1990701924797165
2014-03-21,-3.0801747476922774,-2.494444470018453,-1.7375478429468028,-1.7712450244965636,-1.7729514207972623,-1.771296028464774,-1.7240868222721748,-1.7893046252183136,-1.536270219155392,-1.780025459307205,-1.67609223360549,-1.7349400334752096,-1.7866285932723278,-2.2323415465776284,-2.225749425278872
2014-03-24,-3.0801747476922774,-2.4948706721635143,-1.7237914417906954,-1.787350047745479,-1.7890708909949251,-1.7874119990783013,-1.7399795872552368,-1.805527615698316,-1.5523114061111667,-1.7963116650114823,-1.6922508614614649,-1.7509054824803554,-1.8028406519402052,-2.116385538476493,-2.111799344269881
2014-03-25,-3.0801747476922774,-2.4959638164582314,-1.7379331457709444,-1.844227156356887,-1.8459497149501265,-1.8442791931075555,-1.7956351734998484,-1.862812738441605,-1.604571674369654,-1.853353697723409,-1.729232508987382,-1.8069305731059613,-1.860069004371718,-2.319469472126121,-2.313449056561746
2014-03-26,-3.0801747476922774,-2.4959474703049898,-1.694393146228157,-1.767177821763116,-1.7688107580197598,-1.7672167609457785,-1.720189885887558,-1.7850990882306692,-1.5361119495123683,-1.7760784143318524,-1.6596267203254746,-1.731141452949273,-1.782447727725797,-2.1905362597148463,-2.185239745714523
2014-03-27,-3.0801747476922774,-2.498028145087852,-1.752889307295015,-1.898713377621748,-1.9004249152294552,-1.898745405680634,-1.848916960597376,-1.9176784047859647,-1.6543324279056366,-1.9081354002125344,-1.7997723751945256,-1.8605461465978184,-1.9148790248381584,-2.4003063392573702,-2.393902100759038
2014-03-28,-3.0801747476922774,-2.498765751086149,-1.7120705514001346,-1.836832130739528,-1.8384939097444497,-1.8368559255487853,-1.7886552210647433,-1.855191660458992,-1.6004483850037183,-1.846020167033408,-1.7411613625720457,-1.799873172553046,-1.8524805373731164,-2.168186099601245,-2.1643477913562164
2014-03-31,-3.0801747476922774,-2.497041937145253,-1.6678955335513472,-1.7636395675721728,-1.765241247573085,-1.763656282112728,-1.7170012691498708,-1.7814368939274707,-1.5348001188821714,-1.7725073974249927,-1.657531287593546,-1.7277996687873418,-1.7788043038899568,-2.0725458513352484,-2.0690309898527106
2014-04-01,-3.0801747476922774,-2.4948891929401724,-1.698555674218048,-1.7901083226900236,-1.791727194843544,-1.790119128877645,-1.7426862673942538,-1.8081915835023536,-1.5573194061360962,-1.7990287633310544,-1.684774272363334,-1.753690823413319,-1.805520369721385,-2.1524614103895816,-2.1486032720953423
2014-04-02,-3.0801747476922774,-2.4938542395794183,-1.7758530366116174,-1.8892607946878524,-1.890927858086797,-1.8892681187683924,-1.8398966306723168,-1.9081395930768832,-1.6476512870808055,-1.8986670022383203,-1.7917351703549065,-1.851245661887744,-1.9053481128251009,-2.2964501763643144,-2.2920128656548657
2014-04-03,-3.0801747476922774,-2.4923534261583806,-1.727221838795851,-1.801112656274484,-1.802677348694688,-1.8011077402904658,-1.7537221623860604,-1.819211368167302,-1.569413390075416,-1.810194015441296,-1.7077381499418085,-1.764595232987514,-1.81652989557692,-2.1662164464809224,-2.1624765893524445
2014-04-04,-3.0801747476922774,-2.4927688704928386,-1.699743576874622,-1.7852798170623507,-1.7868257183537832,-1.785279468905376,-1.738513800471423,-1.8031470616942,-1.5579624965423668,-1.794311946465917,-1.6937030462641434,-1.7493137015502875,-1.8005079650303646,-2.122271698589696,-2.118767214895609
2014-04-07,-3.0801747476922774,-2.4979859389247308,-1.9862997119750416,-2.2928679289153693,-2.294683314143281,-2.292873441331828,-2.2349049442362907,-2.3149740843036457,-2.0120201160505253,-2.302924680715462,-2.179199075711604,-2.248362198323367,-2.3117194213342422,-2.642984493305081,-2.636221751561511
2014-04-08,-3.0801747476922774,-2.4898147927901606,-2.0296888744621016,-2.3662184944244613,-2.368289668530462,-2.366304746505719,-2.3054890394583545,-2.3896315713176675,-2.069758963598104,-2.376938851136907,-2.224449460581673,-2.319448170418754,-2.386208348825507,-2.773880006742489,-2.7681452479665056
2014-04-09,-3.0801747476922774,-2.4889182000590857,-1.996649230980777,-2.2545546966674235,-2.2565169740342994,-2.25463109481303,-2.19651665786486,-2.276864224289006,-1.9719803510621792,-2.264929543367131,-2.122979551943159,-2.209963150223854,-2.273603595584476,-2.616367538342957,-2.6109947059217182
2014-04-10,-3.0801747476922774,-2.4891718906679507,-2.0932496645598024,-2.342300452387329,-2.3443661693648163,-2.3423858665043653,-2.282167990005914,-2.3654267153971524,-2.049049718266163,-2.352758758160564,-2.208072129866085,-2.296167302442086,-2.3620532449770937,-2.775816599686776,-2.770103910824463
2014-04-11,-3.0801747476922774,-2.497556932663218,-2.523170618689546,-3.053865173422611,-3.056702279266037,-3.0540062737324543,-2.976179356643371,-3.0838564032292166,-2.6727407375346863,-3.067440137374612,-2.870721622015333,-2.994286280782616,-3.0794886330745017,-3.4088521330482293,-3.4023441838316737
2014-04-14,-3.0801747476922774,-2.500133769711151,-2.5328247536735327,-2.9981026975306646,-3.000878591738126,-2.998228337235481,-2.921679367152432,-3.027577861715962,-2.622949328730203,-3.011414255709512,-2.8463456038112422,-2.9394772870094665,-3.023279886020076,-3.16858254575138,-3.160127083448053
2014-04-15,-3.0801747476922774,-2.5001344385467235,-2.487429834100064,-2.835434074626852,-2.8380176273245072,-2.835544154116983,-2.762447068838183,-2.863504177902557,-2.477750548745096,-2.848277337785157,-2.668439884380778,-2.779476937323534,-2.859401132603153,-3.0237775459290783,-3.0156935269261447
2014-04-16,-3.0801747476922774,-2.5001231710571146,-2.427055832003686,-2.6702282465168565,-2.672630149874167,-2.670322833650532,-2.60092176047288,-2.69681953801378,-2.3311702364009763,-2.6824831532226514,-2.512883428664336,-2.617135455170754,-2.6929229694817547,-2.8425675199182243,-2.834734140736948
2014-04-17,-3.0801747476922774,-2.500416773211994,-2.444648762053532,-2.628463914754581,-2.6308247815899084,-2.628545118149628,-2.5602088825336167,-2.6546469491559668,-2.29362204677493,-2.640708117769369,-2.4932815976505656,-2.57613779132625,-2.65081531211468,-2.902448705855935,-2.8952577503521315
2014-04-21,-3.0801747476922774,-2.500136112503288,-2.372435156049288,-2.4596805205449725,-2.4618604016838868,-2.4597453512731384,-2.3957758513023117,-2.4841968635357303,-2.145745126811422,-2.470982404956553,-2.3328839445043963,-2.4106204268717883,-2.480607107950908,-2.697072598759855,-2.689823207042324
2014-04-22,-3.0801747476922774,-2.499013074292509,-2.318104918532441,-2.3298008769129126,-2.3318908791217234,-2.3298769725952524,-2.2692066298944,-2.3530997934052813,-2.0321322998071065,-2.3404450398330208,-2.1857325870333253,-2.2832715721948973,-2.349691869075345,-2.649215256057877,-2.643783099206438
2014-04-23,-3.0801747476922774,-2.4989585228804176,-2.281230757304498,-2.2382788652231067,-2.2402305466090824,-2.238338661653964,-2.180099348682444,-2.2605962104653607,-1.952860654286842,-2.248536812123844,-2.1046858688689296,-2.19359429542144,-2.257325923746284,-2.5715414435952493,-2.5640232172593387
2014-04-24,-3.0801747476922774,-2.498383276608034,-2.232022515956608,-2.1632096085706127,-2.1650314810631017,-2.1632599605034786,-2.1068809949516507,-2.184717269948216,-1.8884265821898656,-2.173009103741083,-2.0354447578896355,-2.120067386725144,-2.181560765202873,-2.4768806863654977,-2.470403936092836
2014-04-25,-3.0801747476922774,-2.4982671126322176,-2.172886621547278,-2.050718664729565,-2.052414006736892,-2.050759324108127,-1.9970534697349995,-2.0711507208887325,-1.789640859565455,-2.0603003435486653,-1.9453194476357785,-2.00965770455846,-2.06814374907414,-2.334704421575744,-2.3288708270251752
2014-04-28,-3.0801747476922774,-2.5001476740557016,-2.2315325997846585,-2.206078026221368,-2.2077905549547565,-2.206111273748831,-2.148973098575911,-2.227691533825471,-1.930178822030398,-2.216111185504651,-2.0784467535458013,-2.1625246650183327,-2.224509828855414,-2.595883349898613,-2.588735010740607
2014-04-29,-3.0801747476922774,-2.4987880367871536,-2.165178839367674,-2.085942782945683,-2.08752365878461,-2.085965848989428,-2.031498392030246,-2.1064927926219577,-1.8234247431478807,-2.095591113171698,-1.963342751272694,-2.044437466024062,-2.103459321925673,-2.422068408293053,-2.415975898832476
2014-04-30,-3.0801747476922774,-2.498682245791948,-2.126314470861587,-2.006931060777656,-2.0084545720024,-2.006947515593134,-1.9544730775369212,-2.0267384336844443,-1.753448358540046,-2.016059049260829,-1.887240582670048,-1.9669037896016024,-2.0238135151317564,-2.3634852363226595,-2.357533462101201
2014-05-01,-3.0801747476922774,-2.496937427006341,-2.0678571661722622,-1.9049269691835984,-1.906381969968398,-1.904936717578196,-1.8549380810198688,-1.923790324843096,-1.6628328029463462,-1.9138984850247769,-1.7908839619609678,-1.866734108815327,-1.920997253301384,-2.23471100168047,-2.2291155908134237
2014-05-02,-3.0801747476922774,-2.4952155763853856,-2.0066645726656507,-1.809604813811887,-1.811002968236724,-1.8096086501618984,-1.7619063990490622,-1.8276041623993164,-1.578402240412685,-1.8182492134537849,-1.7161936755822909,-1.7731301187315132,-1.8249322201048384,-2.0852294062345265,-2.08075013639353
2014-05-05,-3.0801747476922774,-2.4940210998466816,-1.9465520773744132,-1.727622386096414,-1.728984471684517,-1.7276223139210314,-1.6819686317080411,-1.7448635330337925,-1.505678458632987,-1.7359357341077537,-1.622876822472595,-1.6926795940233246,-1.742303359956893,-1.984719497702025,-1.980422576837156
2014-05-06,-3.0801747476922774,-2.4863911050474106,-1.8932777385243384,-1.6566763268000029,-1.6580537613030188,-1.6566749669429646,-1.612861035877034,-1.673306269852768,-1.4429028784140734,-1.6649439235943997,-1.5702634203949557,-1.6230364532557715,-1.6708315809991403,-1.889867251615008,-1.8857509411917284
2014-05-07,-3.0801747476922774,-2.4869034332794104,-1.9488078758132996,-1.846766294387205,-1.848251029017849,-1.846748875168412,-1.798219021686266,-1.865132816770356,-1.609698076368098,-1.8557703408027812,-1.7508596633311686,-1.809492215987798,-1.8623966547654525,-2.2237620585011197,-2.2185044638803584
2014-05-08,-3.0801747476922774,-2.477349372749537,-1.8906638066041697,-1.794074690848773,-1.795723699246606,-1.794091209590014,-1.746467630164022,-1.812338323229292,-1.5613040839974084,-1.8031807261757145,-1.700492091197262,-1.757354149162588,-1.809625182976291,-2.0944330979564296,-2.0902677236531373
2014-05-09,-3.0801747476922774,-2.477930024307164,-1.8394117152768656,-1.730867569626088,-1.7324923681011897,-1.7308787898074731,-1.6849783498375852,-1.7484820486949506,-1.50625726803,-1.7397585465255727,-1.6404738059572177,-1.6954982008886592,-1.745868968093607,-1.994430197249964,-1.991005619069848
2014-05-12,-3.0801747476922774,-2.477927078548832,-1.7930649438696609,-1.6628021165531737,-1.6643647749767132,-1.662810258874091,-1.6185440655002423,-1.6797794999887137,-1.4466026181689655,-1.6712378354982134,-1.5758694524018164,-1.628716107167966,-1.6772598770628913,-1.8929263232772064,-1.8893109891179083
2014-05-13,-3.0801747476922774,-2.478329850039021,-1.90279536201798,-1.8528717792629468,-1.8545679595222604,-1.852880574885924,-1.804201064362289,-1.8715363959320348,-1.615543578474523,-1.8623614475975845,-1.7412680869026198,-1.8153498656631537,-1.8687651250713948,-2.235860557475746,-2.231700078319724
2014-05-14,-3.0801747476922774,-2.476260632097439,-1.846662018918937,-1.7775230633441486,-1.7791387952559554,-1.7775424959346993,-1.7306250626789623,-1.7954682427524826,-1.5497089943198217,-1.7865615902306662,-1.6858592150478362,-1.7414872007309354,-1.792801314323726,-2.1066963228493862,-2.102775942142148
2014-05-15,-3.0801747476922774,-2.4773866164566347,-1.822173295123461,-1.7716884851604535,-1.7733284762331851,-1.7717058229600264,-1.7248723846975038,-1.7896262496346935,-1.543957607334946,-1.780855477440346,-1.65739379028965,-1.735694498912183,-1.7869608194812652,-2.105510968814864,-2.1015849780218656
2014-05-16,-3.0801747476922774,-2.476885971879776,-1.8324460693662803,-1.8480971641360024,-1.8498335995609616,-1.8481554181082305,-1.7985643523584591,-1.8670795109944731,-1.6068390348188817,-1.857677906685632,-1.7513574004742494,-1.810101997106372,-1.8642745852674765,-2.2208312032738124,-2.2165018438857
2014-05-19,-3.0801747476922774,-2.476560895613727,-1.7948726672921107,-1.7776555756191113,-1.7793401683875547,-1.7777024752196695,-1.7299947465802352,-1.7959483983278268,-1.545141676274112,-1.7868182859265784,-1.6655508914527657,-1.7410543876576936,-1.7932477609789637,-2.1151211411989848,-2.111010342840663
2014-05-20,-3.0801747476922774,-2.4765614967859784,-1.7757551578145934,-1.7429087841339628,-1.7445498111288733,-1.7429484128452482,-1.6962141223123708,-1.7608273200026552,-1.515508161436545,-1.7519751233825682,-1.6363701409063156,-1.7070448629121884,-1.758178235255367,-2.067801160968411,-2.063899366055086
2014-05-21,-3.0801747476922774,-2.4759317806922647,-1.7644367983882674,-1.7625616329335887,-1.7642275606909137,-1.7626005175196118,-1.71520446161432,-1.7807574121424246,-1.5313611367879871,-1.7718437502012836,-1.6699724203164266,-1.7261125857617483,-1.7780658562652576,-2.117037977161572,-2.113171805968871
2014-05-22,-3.0801747476922774,-2.4759809796029604,-1.7741464241460865,-1.7715523410863068,-1.773234375461208,-1.7715863612791607,-1.723798447533117,-1.7898977439129309,-1.5381675928763865,-1.7809203358485244,-1.6781085098119284,-1.7348087912729786,-1.7871852842197042,-2.168994211291726,-2.164821925832194
2014-05-23,-3.0801747476922774,-2.47525473423351,-1.7346257789335393,-1.7072719892697343,-1.7088932067896676,-1.7073096950050992,-1.6611873034041933,-1.7249814834284043,-1.4823764331185958,-1.7162874497580156,-1.6172657223435118,-1.6718218612781517,-1.7223612631847929,-2.0458325979463305,-2.04207933851259
2014-05-27,-3.0801747476922774,-2.4751518709525318,-1.7149804143051397,-1.6731603841286944,-1.6747447722668547,-1.6731914680832805,-1.6279888072986413,-1.69051381833916,-1.452885041477627,-1.6819766673974372,-1.585007447886091,-1.6384144602055304,-1.687947313484502,-2.01817659162183,-2.014740096578924
2014-05-28,-3.0801747476922774,-2.474713031041875,-1.741224406154288,-1.715473034727064,-1.7170880146218197,-1.7155005290672047,-1.6695213700650642,-1.7331486915303052,-1.4914736205951356,-1.7245412800687443,-1.6107262582787891,-1.6800716725129643,-1.7305338398902157,-2.1009645625280307,-2.097288621522912
2014-05-29,-3.0801747476922774,-2.4713040952828185,-1.691923899478101,-1.6526429235897044,-1.6542229402535895,-1.6526816730201055,-1.6082315919680703,-1.669749219295282,-1.4362889786673754,-1.661452170752849,-1.56606859080233,-1.6184523131883888,-1.6672171280333363,-1.9898264552849536,-1.9865412616578204
2014-05-30,-3.0801747476922774,-2.470483066890824,-1.6687364003199796,-1.617327317296462,-1.6188884631438347,-1.6173608744699872,-1.5736595748144149,-1.6341578691442846,-1.4043882725244743,-1.625944813693205,-1.5321559281923007,-1.5837049901026372,-1.6316691516467658,-1.9484476708116905,-1.9449170285099708
2014-06-02,-3.0801747476922774,-2.4700295122229528,-1.6179862472813702,-1.5584431496100708,-1.559914038731814,-1.558476513923904,-1.516103300972802,-1.5747288346316082,-1.352682575862452,-1.5669418451674515,-1.4763006122562363,-1.5258585530603548,-1.572316169720015,-1.8620983449267112,-1.8590583523878008
2014-06-03,-3.0801747476922774,-2.469844619946006,-1.568774349905814,-1.5003900225143547,-1.5018267205306948,-1.500419882855286,-1.4595460768036026,-1.5161282858835818,-1.3017753056726125,-1.50849500554461,-1.4211270446686042,-1.4689320128599757,-1.5137972590375424,-1.7813865828472404,-1.7783872974819348
2014-06-04,-3.0801747476922774,-2.4701400053150824,-1.5213154454588709,-1.448806992631173,-1.4502083421853462,-1.4488346800333636,-1.409341004461311,-1.4640594319522378,-1.2564308178569616,-1.4566641134050224,-1.356557603518875,-1.418348403282362,-1.4618018187860808,-1.7086110787624085,-1.70554761615158
2014-06-05,-3.0801747476922774,-2.4653487639155376,-1.4849378029137272,-1.4064019298397317,-1.407789747477976,-1.4064617171084088,-1.3679039180328325,-1.4213270674952985,-1.2191005055431652,-1.4141113029018026,-1.3189944924499184,-1.3767582361516104,-1.419124408918352,-1.6478699863597537,-1.6449388815459267
2014-06-06,-3.0801747476922774,-2.465415891195471,-1.5184241665211995,-1.475125379274109,-1.4765684064563025,-1.475184027389899,-1.4349215515567195,-1.490687208787582,-1.2797211542596607,-1.483098730809829,-1.3805045434640644,-1.4441876826019129,-1.488390589376473,-1.798690773272297,-1.7956991207399808
2014-06-09,-3.0801747476922774,-2.464807317694385,-1.5020219653422182,-1.4607472512656792,-1.4621943077886044,-1.460821807502032,-1.4208890414318067,-1.476238009600925,-1.2666756720641843,-1.4686884250522083,-1.3660840902716802,-1.4300053320891162,-1.4739553167039376,-1.778873848820843,-1.7757188568004625
2014-06-10,-3.0801747476922774,-2.464813068321509,-1.4615690918625612,-1.413500999895945,-1.4149152866870167,-1.4135688463967184,-1.374867642387394,-1.4285094112618202,-1.225341992703269,-1.4212559223946304,-1.3255388825875871,-1.3837173853193565,-1.4262975421490305,-1.7042714317387215,-1.7012466691870225
2014-06-11,-3.0801747476922774,-2.4636632460086503,-1.4170511174996268,-1.367648833061608,-1.3690397436952109,-1.3677183955637848,-1.3302073294554146,-1.3822283270907587,-1.184918070470162,-1.375181277671045,-1.282190887747629,-1.3387644669261904,-1.3800814402051482,-1.6276046667574853,-1.6246354628875734
2014-06-12,-3.0801747476922774,-2.4641666384997287,-1.381083081335694,-1.358585604641702,-1.359986089220024,-1.3586552055727703,-1.321243459742987,-1.3731455138982818,-1.1760339782225395,-1.3660746544850402,-1.285899103662492,-1.3297597627323463,-1.371001971206418,-1.5964650256629818,-1.5936223692805132
2014-06-13,-3.0801747476922774,-2.465166496432862,-1.4061124938127652,-1.4705652741115482,-1.4720668035373896,-1.470635078505423,-1.430220687807047,-1.4862632481266522,-1.2732057368968237,-1.47867362145932,-1.3798776364917675,-1.4394266150683364,-1.4839506984256998,-1.7547483382535556,-1.7516722297966083
2014-06-16,-3.0801747476922774,-2.463309520572839,-1.3745084449246103,-1.4258168377243816,-1.4272927273811868,-1.4258950590930295,-1.386628545196003,-1.441092407324882,-1.2339078310276168,-1.4337781314641165,-1.3391503938279297,-1.395568978109963,-1.438843297193929,-1.6744231770256597,-1.671417730074742
2014-06-17,-3.0801747476922774,-2.463422773872357,-1.3358638329920212,-1.3785007126286453,-1.379921553108114,-1.3785709498236605,-1.340511567365798,-1.393295719702896,-1.1926510680872586,-1.386141381276174,-1.2905581928073688,-1.3491856822915271,-1.391115975577552,-1.5923299814891068,-1.5894854172772592
2014-06-18,-3.0801747476922774,-2.4634667300036583,-1.3060172019960778,-1.3433406937865564,-1.3447330583213664,-1.3434047379290113,-1.3063761805629326,-1.357752161116059,-1.162171283408382,-1.3506949970025854,-1.2586494017467298,-1.3147943750745554,-1.3556325902628776,-1.7275121292034843,-1.7233968104212118
2014-06-19,-3.0801747476922774,-2.4633751756337645,-1.3239977584306346,-1.3838215895040096,-1.3852369061464622,-1.383883285164142,-1.345610834491585,-1.39871077904483,-1.1961319537637989,-1.391422155345419,-1.3091101811220944,-1.354271769339823,-1.3965210491093083,-1.815283914885493,-1.8111778181865557
2014-06-20,-3.0801747476922774,-2.463510705594488,-1.283733856552792,-1.3425077539798262,-1.3438785906588062,-1.3425671936715546,-1.3053399097738485,-1.3569959113985637,-1.160211162949152,-1.350056190940873,-1.2554478387527386,-1.3137659696001345,-1.3548615823151589,-1.7434013197922855,-1.7393405561443898
2014-06-23,-3.0801747476922774,-2.4625745534322894,-1.249141984585182,-1.30211867298246,-1.3034453059741222,-1.302175078511089,-1.266005901382074,-1.3162013853415877,-1.1249593370191635,-1.3089846056654066,-1.218302315950486,-1.274186316628089,-1.3141286470640288,-1.706403506261249,-1.702386198952837
2014-06-24,-3.0801747476922774,-2.462726539141605,-1.2110881538597125,-1.2668817552707865,-1.2681728852086254,-1.266933610280511,-1.2317268285138705,-1.2806081326448957,-1.0942340637953076,-1.2738457993789818,-1.183328415347448,-1.2396557941076125,-1.2785881975364186,-1.401401744249159,-1.3989996776254228
2014-06-25,-3.0801747476922774,-2.4609524124833744,-1.2128440140977008,-1.3323321815147346,-1.3336670456035415,-1.332398271899868,-1.295246015107704,-1.3467985774106297,-1.150441344815302,-1.3395993648905964,-1.2601031471918704,-1.303639831171462,-1.3446740870300131,-1.7551591279480054,-1.7511354978923448
2014-06-26,-3.0801747476922774,-2.4607274293238963,-1.221638441910535,-1.3445569070245038,-1.3459157626906104,-1.3446272438196654,-1.307279962020031,-1.3590559645526972,-1.161833392113408,-1.3517373802099806,-1.271721748564593,-1.3158483918960513,-1.3569310140882382,-1.7887581015894938,-1.784665284629266
2014-06-27,-3.0801747476922774,-2.460727029243584,-1.1850391466163055,-1.3097468730735222,-1.3110754092011037,-1.3098222501343766,-1.2733657740159667,-1.3239173530943775,-1.1314566239146069,-1.3168474783676856,-1.2278538498069311,-1.2816973499767057,-1.321839212509014,-1.445314090258314,-1.4429664198404475
2014-06-30,-3.0801747476922774,-2.4607680629633224,-1.1624876525846803,-1.2827193057068726,-1.2840221528621727,-1.2827882524665215,-1.2470819894006826,-1.2966079688143697,-1.108108640372806,-1.2896032876120007,-1.2030294295355122,-1.255230596456381,-1.2945705022394507,-1.4107882594852796,-1.4084935620076215
2014-07-01,-3.0801747476922774,-2.46093512350772,-1.1284500285659538,-1.2496975796167318,-1.250972741240223,-1.2497601326549397,-1.2149565426379572,-1.2632461278604712,-1.0794121347546997,-1.2564443884583338,-1.1819037390450395,-1.2228906008858518,-1.2612593023533891,-1.3578208812377264,-1.355590603696852
2014-07-02,-3.0801747476922774,-2.461066015132122,-1.2087899497127974,-1.3692327718229715,-1.3705955254568911,-1.3692971744880682,-1.331560020173655,-1.3839250660992015,-1.18495395785572,-1.3766289747172775,-1.2832773063388034,-1.3401222241146225,-1.3817648526441464,-1.8482036611132164,-1.84399446126075
2014-07-03,-3.0801747476922774,-2.4611876285202823,-1.1720361724699793,-1.3235530919691678,-1.324870287238106,-1.3236093858205455,-1.2870344389258297,-1.337795451232772,-1.144967828962837,-1.3308407471775965,-1.2402223168580042,-1.2953185804886416,-1.335700850404499,-1.7399113914490183,-1.735793296187299
2014-07-07,-3.0801747476922774,-2.4607947620852006,-1.1847877272176548,-1.3352925892858896,-1.336619910920217,-1.3353446507390865,-1.2983951138321217,-1.349668893780915,-1.1548581085551617,-1.3425381587903418,-1.2499416675904085,-1.3067852503044075,-1.3475570578906502,-1.7847681557396056,-1.7807000505841424
2014-07-08,-3.0801747476922774,-2.4617542176224734,-1.1955270192259664,-1.3944509534698295,-1.395799911806736,-1.3944995427113878,-1.3561063851313622,-1.4093347738513398,-1.2077318003759143,-1.4019081097817157,-1.3201604898275114,-1.36487933699186,-1.407148299544046,-1.6371214368230311,-1.634287550323921
2014-07-09,-3.0801747476922774,-2.461878163287408,-1.3000079173926526,-1.6017793887990135,-1.6032515159152858,-1.601834489783788,-1.5585023275197936,-1.6185070895547828,-1.3923568511233169,-1.6100556943388753,-1.502805319855523,-1.5685237081111574,-1.6160538067339147,-2.123466807244006,-2.11803737680645
2014-07-10,-3.0801747476922774,-2.4606545375625237,-1.2980465895059436,-1.571583678502054,-1.573053736460077,-1.5716595501380697,-1.5290412629824004,-1.5880889252349055,-1.3654944360435284,-1.5798386007981522,-1.4751879061278708,-1.5388464560841528,-1.5856725376469278,-2.062192766121882,-2.056723134329245
2014-07-11,-3.0801747476922774,-2.4614517740126503,-1.286208051980219,-1.5616180377315096,-1.563092310765966,-1.5616829787161215,-1.5193792043626495,-1.5780343134826913,-1.3561660416587722,-1.569751381957981,-1.4613142182134549,-1.5290232598378546,-1.5756317264385296,-2.0340836647641747,-2.028875631945672
2014-07-14,-3.0801747476922774,-2.461092566943841,-1.2581076393165287,-1.5024875725248643,-1.503904217147303,-1.5025405477063378,-1.4617944972919965,-1.518296685631718,-1.3044768568430951,-1.510365564255556,-1.407616331511823,-1.4710654240423624,-1.5159829949668326,-1.9225685335140588,-1.918069499900256
2014-07-15,-3.0801747476922774,-2.460982819672516,-1.2556736654562697,-1.4778285684625572,-1.4792367488078473,-1.4778723113545436,-1.4377810561194218,-1.493403053581437,-1.2823130235357818,-1.4856863186315032,-1.399916078670448,-1.446863052487951,-1.4911275321049569,-1.9048550590679307,-1.900571164249006
2014-07-16,-3.0801747476922774,-2.461726084967635,-1.2353503675591264,-1.4637998821592566,-1.4651667752312616,-1.4638355476539129,-1.4241909765510632,-1.479174523049801,-1.2707847769286311,-1.4715087854208582,-1.3749879892114787,-1.4331883520408135,-1.476926844522736,-1.7153097056031437,-1.7124684766995515
2014-07-17,-3.0801747476922774,-2.4614947019748663,-1.2113433136494227,-1.4222740473067446,-1.4235899403457262,-1.422301649354318,-1.3835087288559245,-1.4373171196632142,-1.2332611463793015,-1.4299633197426445,-1.3470612355296947,-1.3922751501946686,-1.4351152343774751,-1.811842153579728,-1.8078360728265712
2014-07-18,-3.0801747476922774,-2.4620874361787464,-1.3905478224427608,-1.7351666879203826,-1.7367320054879345,-1.735195315357318,-1.6881662201581398,-1.7533509065909625,-1.5053272229814154,-1.7442246597173134,-1.6436577602763038,-1.6987796543017455,-1.7506857642218687,-2.0511827138358045,-2.047369209282237
2014-07-21,-3.0801747476922774,-2.4624604332116227,-1.5360338105640974,-1.8846195578869067,-1.8862685708629827,-1.8846444209235087,-1.833918388583096,-1.904189089774542,-1.6371288723755753,-1.8944113000463432,-1.7733302059660092,-1.8453720483923848,-1.9013157199761823,-2.4381445259136854,-2.4304193998914694
2014-07-22,-3.0801747476922774,-2.462908694674148,-1.4936057636248148,-1.798205333577184,-1.799772596121452,-1.798221666546899,-1.7496130312978149,-1.816939292321264,-1.5611525758639409,-1.807554763424396,-1.6826014945801433,-1.7605809946944533,-1.8141841790056064,-2.129830751813745,-2.1256302407903136
2014-07-23,-3.0801747476922774,-2.4602187316396336,-1.48829378327702,-1.7491649025846978,-1.7506793225382062,-1.7491744011888202,-1.7018046980790849,-1.7674061783249289,-1.5183129572450402,-1.758235108086999,-1.6455832955114522,-1.7125166226452582,-1.76472611476623,-2.224955848134226,-2.21837969738745
2014-07-24,-3.0801747476922774,-2.4596515767123077,-1.452105481242116,-1.6706272590303568,-1.6720605088584175,-1.6706310702342346,-1.625215908997497,-1.6880968329032906,-1.4496784979665134,-1.6792686242577546,-1.5827117104182995,-1.635501438519839,-1.6855265979465806,-1.9305181745803637,-1.9271559800067155
2014-07-25,-3.0801747476922774,-2.457211516085412,-1.407873559106813,-1.594729787130781,-1.5960897507626404,-1.5947259600862065,-1.5512415074825217,-1.6114582140297566,-1.3832284441327378,-1.6030677129192157,-1.5192024194983549,-1.5610804004429777,-1.6089969637085928,-1.7949387630538882,-1.7918875398872325
2014-07-28,-3.0801747476922774,-2.4542519981012663,-1.393916122817045,-1.5894178405636123,-1.5908080560194933,-1.5894076802263042,-1.546116088793535,-1.6061096753492137,-1.3777577148080664,-1.5979002201894996,-1.505241912572345,-1.555773485424017,-1.6036384794301128,-1.7985341188241648,-1.7955176372900965
2014-07-29,-3.0801747476922774,-2.4460381246943528,-1.3516241280187218,-1.5259238523028564,-1.5272788860678663,-1.525939063643622,-1.4842088887511795,-1.5420718312565298,-1.322156718530515,-1.533912567339838,-1.4450215209676684,-1.4934951339612803,-1.5396849112501845,-1.6827217123699163,-1.6799002916890016
2014-07-30,-3.0801747476922774,-2.446578466197047,-1.3182781783331066,-1.4976561908379695,-1.49899450844702,-1.4976636616636936,-1.4564508061629415,-1.5136314991817554,-1.2962059689356598,-1.5056226273367872,-1.41782776160896,-1.4655817642481153,-1.5112742312991416,-1.7937656925177166,-1.789805191400191
2014-07-31,-3.0801747476922774,-2.445903555306744,-1.2848125503575816,-1.4483106859279058,-1.4496003021032855,-1.448311463431607,-1.4083005335795449,-1.4638149278740331,-1.2532388126252672,-1.4561338889601447,-1.37110703637044,-1.4171761435668098,-1.4615253004789397,-1.74095596329853,-1.7369809571981194
2014-08-01,-3.0801747476922774,-2.4522435989132845,-1.7133887648231545,-2.1440632481432838,-2.1457925870469188,-2.1440614627197947,-2.08572123457431,-2.166461872498634,-1.858834701839572,-2.154889830517793,-2.0097546309735126,-2.098833454054128,-2.1631406787741225,-2.473914668349759,-2.468337772126934
2014-08-04,-3.0801747476922774,-2.448839355328399,-1.672422400520223,-2.0428299643186327,-2.0445536726603954,-2.042818510792928,-1.9872913077219223,-2.064209039619416,-1.7707352637450513,-2.053460199184441,-1.916058705101193,-1.999706989187556,-2.061032433180507,-2.342299263024768,-2.336954543963511
2014-08-05,-3.0801747476922774,-2.445976705628529,-1.671998368525277,-1.9850627949284472,-1.9867479777616917,-1.9850369135677848,-1.931195401710142,-2.0058041214292333,-1.7203778582904423,-1.9946136008218784,-1.879690911488088,-1.9431752096064048,-2.002723967615985,-2.314906572370031,-2.309624228887176
2014-08-06,-3.0801747476922774,-2.4472170436174143,-1.6905836966986918,-2.0082005481823195,-2.009902971349271,-2.0081601206624766,-1.953612143761756,-2.0292152493924567,-1.7401187825261415,-2.018100659942439,-1.8832650356419507,-1.965757819490424,-2.026091098106896,-2.3612338122214758,-2.355824856054147
2014-08-07,-3.0801747476922774,-2.4471480728891337,-1.639149496121759,-1.9003380482208536,-1.9019577041847533,-1.9002893769031888,-1.8487338513031133,-1.9202417408182804,-1.646348007806361,-1.9092164944002192,-1.799208218363748,-1.8601663791328855,-1.9172839481423705,-2.201871383659153,-2.1966632707361806
2014-08-08,-3.0801747476922774,-2.4475845959529745,-1.6155344442829984,-1.859097070856228,-1.860704277070988,-1.8590571660803088,-1.8087062711271185,-1.8785705440381453,-1.6103369019547205,-1.868623829871637,-1.7455896860974447,-1.819799818083389,-1.8756811839997412,-2.1644076564109325,-2.159690299056802
2014-08-11,-3.0143361361698195,-2.435300487869457,-1.6640393379358995,-1.8906566618249627,-1.8922565997440413,-1.8907125699051368,-1.838979614518754,-1.9107354661966875,-1.6361605584753631,-1.9007376276094667,-1.7899035537552717,-1.8502731888578363,-1.90775943448105,-2.2169813195668584,-2.212435730440152
2014-08-12,-3.0143361361698195,-2.435301540170069,-1.6368151004947822,-1.8227219285614191,-1.8242729972631293,-1.822769799974996,-1.7728801685021616,-1.8420826600335976,-1.577224590522506,-1.832244890608685,-1.7254641194199591,-1.7837896160318556,-1.839213335315699,-2.135723219356437,-2.1313556957315165
2014-08-13,-3.0143361361698195,-2.434162865907318,-1.5918646232976,-1.749207342125641,-1.7506904964089771,-1.7492519985880752,-1.701283308997263,-1.7678422488376635,-1.5130836121669935,-1.758471960579377,-1.6557148564680209,-1.7117261850210346,-1.765078748613449,-2.015397408474514,-2.011311823920618
2014-08-14,-3.0143361361698195,-2.433781503023217,-1.616381218336045,-1.7576407090574862,-1.759135127878213,-1.757690726810352,-1.709563426862551,-1.7763771135699522,-1.5207500571550778,-1.767041457000117,-1.6448552077109722,-1.7199861115568225,-1.773598998421257,-1.9916943545373484,-1.9877291904266117
2014-08-15,-3.0143361361698195,-2.433319842570373,-1.5861051894654998,-1.6931933124353935,-1.6946323275276798,-1.6932366153742653,-1.64676845726481,-1.7112608831065177,-1.4646384871211011,-1.702085840436565,-1.5870604794943053,-1.6568787205851143,-1.708584028365667,-1.8989104265086527,-1.894984009621868
2014-08-18,-3.0143361361698195,-2.4330635215521967,-1.5395887607187797,-1.6215360029533503,-1.622917304940629,-1.6215807444344983,-1.5769566474163814,-1.6388630760702625,-1.4025051753508626,-1.6301052803021543,-1.5196984304207006,-1.586743624609955,-1.6362954025821632,-1.8930713089374005,-1.888501393736356
2014-08-19,-3.0143361361698195,-2.4329549665121726,-1.5798590096646226,-1.6621341723430056,-1.6635643091885115,-1.6621766591517566,-1.6166369145728134,-1.6797940673759095,-1.4381490650810074,-1.6707461016483665,-1.5566030699692697,-1.6266703314177733,-1.6771805789971364,-1.88052446067717,-1.8765611065803152
2014-08-20,-3.0143361361698195,-2.4318584084678423,-1.5541794206318054,-1.6160124838633512,-1.617457939196946,-1.6160823613506894,-1.5717251834860329,-1.6331689604800617,-1.3983705092603382,-1.6243610719008863,-1.5146564925646742,-1.581676153686742,-1.6306365363557598,-2.037048014954314,-2.031259337177976
2014-08-21,-3.0143361361698195,-2.432014350466637,-1.5081926097727414,-1.5520068431078804,-1.5533778696343352,-1.5520710919798248,-1.5092446643890594,-1.5685499099847382,-1.3424610617809327,-1.5600945552761971,-1.4687211935444116,-1.5188774783051164,-1.5661033785577831,-1.814140188867807,-1.8100705562407045
2014-08-22,-3.0143361361698195,-2.4320813791102944,-1.4671037590770142,-1.494949965336965,-1.4962566893704798,-1.4950102174583204,-1.4535565108716346,-1.5109410434065675,-1.2925760686115568,-1.502785371365546,-1.4146035986784948,-1.4628991237923192,-1.5085724630106565,-1.725531267140734,-1.721945510971986
2014-08-25,-3.0143361361698195,-2.4322425587069705,-1.422503382390805,-1.4457109361702878,-1.4469743875750678,-1.445765989716582,-1.4055384251013825,-1.4612418237951583,-1.249472255291158,-1.4532854124251178,-1.3562540704894372,-1.4145929054168715,-1.458941685779712,-1.6671168783221566,-1.6638260523069206
2014-08-26,-3.0143361361698195,-2.431890854104592,-1.4023384620887374,-1.416916146735642,-1.4181548092969265,-1.4169684687737838,-1.3774008434681808,-1.4321732131530764,-1.22419289472225,-1.424360081983711,-1.326059043277853,-1.3863520981411392,-1.4299155249219573,-1.64688045044568,-1.644197227031141
2014-08-27,-3.0143361361698195,-2.4289917511723567,-1.364296844891694,-1.3681144172029034,-1.369310840587343,-1.3681849154821115,-1.329733965332622,-1.3829300967213332,-1.1814045528601804,-1.3752058281729749,-1.28017329116861,-1.338487171996673,-1.3807382958049443,-1.6164356451997686,-1.613512944644399
2014-08-28,-3.0143361361698195,-2.429043992479182,-1.3227440727826465,-1.327430822309753,-1.3285956339657476,-1.3275053424082108,-1.2901685902063145,-1.341848464750802,-1.1459901869599831,-1.3344556222891533,-1.2430935307349984,-1.298607272384897,-1.3397145432151996,-1.576598983916196,-1.5738175162305608
2014-08-29,-3.0143361361698195,-2.429141940172337,-1.2882955331172334,-1.3072911353646328,-1.3084445473047444,-1.3073625656753096,-1.270613062177439,-1.3214924961616754,-1.128630712154173,-1.3141406054389917,-1.236563867527733,-1.2789100250110137,-1.31939174538338,-1.5737640293153732,-1.570979166044632
2014-09-02,-3.0143361361698195,-2.429030570806848,-1.2709989275995917,-1.2900518257412832,-1.2911986591076283,-1.2901211806764268,-1.2538152775016966,-1.3040696472640945,-1.1138093017441983,-1.296654206397185,-1.220263650781402,-1.262058744896324,-1.3019982127330778,-1.3008875972285423,-1.2987827358056223
2014-09-03,-3.0143361361698195,-2.4285753090352697,-1.2359934449881038,-1.2643066287249076,-1.2654773699020374,-1.2643908717923398,-1.228763186789818,-1.2781076222644994,-1.0917407185067205,-1.271084100318401,-1.1841136567011932,-1.236916291425784,-1.2760709376481507,-1.6173395109454898,-1.6131550896322375
2014-09-04,-3.0143361361698195,-2.4291872993180843,-1.2120015558951516,-1.27823621756778,-1.2794155513424068,-1.2783192749005867,-1.242417883361289,-1.2921508139968247,-1.105106919699422,-1.2849372828816463,-1.1991362127147194,-1.2506650304740292,-1.2901011538140537,-1.6425774648429208,-1.6383589485910797
2014-09-05,-3.0143361361698195,-2.429427261030565,-1.1800149997860765,-1.2609281650271995,-1.26210194429111,-1.2610087457598862,-1.2256147457249122,-1.2746689017168202,-1.0900565966592064,-1.2675470601500425,-1.1933448782092655,-1.233715244025973,-1.2726460933387151,-1.3539088494684108,-1.3512428450267069
2014-09-08,-3.0143361361698195,-2.4294233962069205,-1.1758504072904328,-1.2627376261889836,-1.2639111627403892,-1.26281915215642,-1.2272378794644576,-1.2765391957592835,-1.09105837038224,-1.2693968892612886,-1.1826292589480092,-1.235394524283795,-1.2745075837788529,-1.6422955853541308,-1.63812711281586
2014-09-09,-3.0143361361698195,-2.428920744555803,-1.140407650678838,-1.248740185283287,-1.2499724508712358,-1.2488518406021412,-1.2134856890222083,-1.2625751392857258,-1.078173507746521,-1.2554934061583682,-1.1816583951470756,-1.221499285782588,-1.2605471067165095,-1.3599259411087987,-1.3573103370203077
2014-09-10,-3.0143361361698195,-2.430340908729433,-1.1886544526769864,-1.380290860082217,-1.381636953494214,-1.380408683232538,-1.3417662277424105,-1.3953927253795444,-1.1936519954595004,-1.387723849715412,-1.2926702576935407,-1.3505101431004427,-1.393178436952309,-1.81539096642804,-1.8110243885599115
2014-09-11,-3.0143361361698195,-2.430284617881062,-1.1952814071798794,-1.3824149778743964,-1.383751210967789,-1.3825298430288278,-1.343925752653353,-1.3974961526330711,-1.196199783521508,-1.3898316552679402,-1.2950015547925957,-1.3526592668102433,-1.395283414421478,-1.581124023054063,-1.5779866219133811
2014-09-12,-3.0143361361698195,-2.430436922346564,-1.1603167911941628,-1.3361505971021244,-1.3374570474128784,-1.3362632384258772,-1.2990095148000695,-1.350749616648116,-1.1559212143695234,-1.3433334642217651,-1.252798322287539,-1.3073764776318109,-1.348609552967349,-1.7023571554860686,-1.6981060219485422
2014-09-15,-3.0143361361698195,-2.431536243405213,-1.1698730821157295,-1.388234735118134,-1.389579952708185,-1.388349298395947,-1.349587077734375,-1.4033971501976796,-1.2006595317620954,-1.3957649225199238,-1.30025307161047,-1.358301678740493,-1.4011736189756396,-1.5690544046684405,-1.5659204621739438
2014-09-16,-3.0143361361698195,-2.432383287602861,-1.1800583183405184,-1.4630739263539374,-1.4648448206724511,-1.4631908669529945,-1.4232493907478252,-1.4789522034827094,-1.2704028385270536,-1.4708314591801563,-1.3871913875680095,-1.4322699687335645,-1.476657114769634,-1.8748236528173667,-1.8698404570284664
2014-09-17,-3.0143361361698195,-2.432085430725914,-1.2205451704835333,-1.4962131430918806,-1.4980251486087297,-1.496331673941541,-1.4552754169297075,-1.5125306848592543,-1.297575329114794,-1.5041492893940318,-1.4040191456448847,-1.4645182587305288,-1.5101740784414333,-1.945450222157627,-1.9402120762901192
2014-09-18,-3.0143361361698195,-2.432156850387285,-1.1872375858451674,-1.4389318708894088,-1.4406949601187524,-1.439048907446975,-1.3995747166521757,-1.4546662642356103,-1.2475058336418137,-1.446560998180914,-1.363586126241739,-1.4084063823809343,-1.452394959454345,-1.8189822692019264,-1.8142884216107655
2014-09-19,-3.0143361361698195,-2.432161938554232,-1.1983963625205163,-1.4357456877108143,-1.43751369465736,-1.435862087860082,-1.3965521121674846,-1.4514323357351009,-1.244796883199992,-1.443319136518742,-1.349235450708394,-1.405335925285243,-1.4491705520224072,-1.8333783608789584,-1.828612995044646
2014-09-22,-3.0143361361698195,-2.4323882014439797,-1.1660420643573834,-1.3985072878260385,-1.400211906489622,-1.3986177869377558,-1.3602399064663853,-1.413784502918319,-1.2125566064589757,-1.4059317351761833,-1.3084187634944926,-1.368865906034965,-1.411579948482628,-1.7523837080790268,-1.747777447578419
2014-09-23,-3.0143361361698195,-2.433302375414093,-1.259500291427035,-1.5680881644366356,-1.5699776666507828,-1.56821329260154,-1.5255471193955363,-1.5850439608103124,-1.3612582541767282,-1.5763647493711006,-1.4708344571871763,-1.5351505537432557,-1.5825958439092895,-2.025432081515256,-2.0195961608017114
2014-09-24,-3.0143361361698195,-2.4342504854585147,-1.2539195615577934,-1.5691910847830044,-1.5710752867250688,-1.569317319537889,-1.5263984642415598,-1.5862323594656818,-1.36091399772782,-1.5775601785466045,-1.4870936333085167,-1.5360507165043995,-1.5837725384361463,-2.002925532908227,-1.997108172229456
2014-09-25,-3.0143361361698195,-2.4343343118120067,-1.320234922977861,-1.6227065650149777,-1.6246520827930857,-1.622838376296933,-1.578536925182907,-1.640274526085055,-1.4077935517771234,-1.6315263726300029,-1.537913413872199,-1.5885454243522623,-1.637738653348866,-2.0819820379363843,-2.075594580673548
2014-09-26,-3.0143361361698195,-2.438214572506354,-1.6387416079961576,-2.106069181662537,-2.10858289921762,-2.1062404407397337,-2.049317256473194,-2.128568810599225,-1.82954208711862,-2.117234089427181,-1.996694860617424,-2.06227106843461,-2.1253154591647,-2.553570933128863,-2.5470931154075784
2014-09-29,-3.0143361361698195,-2.438012942897878,-1.6754191777222012,-2.083552773022118,-2.0860412704383826,-2.083713328677268,-2.027424399845529,-2.1057758108551474,-1.809940016228076,-2.094604050669711,-1.9751950308705224,-2.0402762029919943,-2.102566240027277,-2.518872173090504,-2.512468082019384
2014-09-30,-3.0143361361698195,-2.4382335443251795,-1.6282851667844391,-1.9747268459853171,-1.977093429852128,-1.9748704152320196,-1.921449946327944,-1.9958064913483728,-1.7148824305687174,-1.9851984404809164,-1.8520906926526648,-1.933645035689092,-1.9927615067462527,-2.3983011325903574,-2.3921043275230582
2014-10-01,-3.0143361361698195,-2.43882802946114,-1.5866062406570038,-1.8866691435441785,-1.888949280630927,-1.8867998486378084,-1.83580678432793,-1.9068227461694,-1.638070534114359,-1.896724222740192,-1.7706167405256974,-1.8473893301554245,-1.9039116647365928,-2.2965825718315074,-2.290026556492309
2014-10-02,-3.0143361361698195,-2.442434258535513,-1.750634093521865,-2.1290848288991326,-2.131672167451477,-2.1292236152229123,-2.0720809685961643,-2.15166852318479,-1.8498861763076375,-2.140488653202827,-1.997058669196493,-2.085042812839448,-2.148404469199397,-2.427460119884108,-2.422116130148795
2014-10-03,-3.0143361361698195,-2.441758648421808,-1.6981099820047625,-2.0082519539799413,-2.010705168435046,-2.008376008138875,-1.9543723883615596,-2.029577191614559,-1.744485930575328,-2.0189621440753163,-1.884827832808276,-1.966642660641625,-2.026495166818168,-2.2982002042234293,-2.2928840828729444
2014-10-06,-3.0143361361698195,-2.442052245848086,-1.754705634039696,-2.0382888848290177,-2.040812367931637,-2.0384080382092606,-1.9835561816539733,-2.0599507276818203,-1.769752694674045,-2.04909069533397,-1.9316249952609328,-1.996010159042365,-2.0568260567975303,-2.335461096623594,-2.330461877612102
2014-10-07,-3.0143361361698195,-2.442509587704008,-1.7104828982961828,-1.9523263479635735,-1.9547367316716184,-1.9524385600511085,-1.899804458127756,-1.9730846780710505,-1.6951177706881448,-1.962871477694225,-1.8351995745856455,-1.9117787401182451,-1.9700847787691904,-2.238568947643857,-2.233264517156236
2014-10-08,-3.0143361361698195,-2.446490824790652,-1.8787630542557665,-2.207246862420128,-2.2099916236641763,-2.207364629274882,-2.1480220883437413,-2.2306169361708084,-1.916954901964515,-2.219127983797378,-2.091918503717648,-2.16155166258741,-2.227238408366348,-2.470398168967369,-2.465484188219573
2014-10-09,-3.0143361361698195,-2.4472942819018493,-2.092543578352376,-2.4437731015790733,-2.446864305778594,-2.4438942045661336,-2.378527437745656,-2.4695404602976723,-2.123310315638604,-2.456927525778388,-2.3162128378226248,-2.393485583031441,-2.465820189565367,-2.761872828532612,-2.754831646220919
2014-10-10,-3.0143361361698195,-2.453571143709722,-2.3450800427012823,-2.8067559875326045,-2.8103564574815647,-2.806886738756489,-2.732101487538821,-2.836237792339976,-2.439669059956992,-2.8220137830853216,-2.6354069498675683,-2.749226982439969,-2.831981768287461,-3.001107713880394,-2.994044872399034
2014-10-13,-3.0143361361698195,-2.4584279562577507,-2.4840041556807857,-2.9846637431631087,-2.988482504602508,-2.984794664772864,-2.905881347977137,-3.0158119292844288,-2.5986101033691096,-3.000200443935243,-2.7994575631741165,-2.924040212363753,-3.0113383150908977,-3.172518027020957,-3.165111439865829
2014-10-14,-3.0143361361698195,-2.4624156380447872,-2.568613368322397,-3.057631451779325,-3.061588213835569,-3.057755893795333,-2.9765446560336373,-3.089640718591248,-2.660541179668506,-3.073879802070846,-2.876221662842923,-2.995316556059245,-3.0850452946306217,-3.2563142046136537,-3.2490807855386654
2014-10-15,-3.0143361361698195,-2.4623938927098075,-2.494082163185148,-2.856057638440684,-2.8597938843514754,-2.856160501524607,-2.7802831235683554,-2.885992669953032,-2.484689224091642,-2.8713622683148823,-2.708204136844221,-2.7977735495450142,-2.881694495390938,-3.003146203181928,-2.9959429279537133
2014-10-16,-3.0143361361698195,-2.462790599173453,-2.4381111923518146,-2.7265794681795703,-2.730155457706648,-2.726676029549453,-2.6539370187326305,-2.7552711272284443,-2.370942779909504,-2.741342612734396,-2.5584268803449017,-2.6707176554283176,-2.7511464295702064,-2.795458612383783,-2.786519803395783
2014-10-17,-3.0143361361698195,-2.462945376594607,-2.363905955154778,-2.5577872198630294,-2.561181971575228,-2.557865234369946,-2.48969392866725,-2.584743031181619,-2.2236893388866457,-2.571835848079235,-2.4015868758903576,-2.505308170730712,-2.5808680214355086,-2.619807578341081,-2.612479340078658
2014-10-20,-3.0143361361698195,-2.459472054531123,-2.379769617985757,-2.533275324525248,-2.5366348963584304,-2.5333503426192228,-2.4655532571558947,-2.5600749576027404,-2.20122528729642,-2.5470634395258,-2.376868512307645,-2.4810593842257997,-2.55622153063782,-2.672640373737506,-2.66484224702299
2014-10-21,-3.0143361361698195,-2.459750650702724,-2.395007321253723,-2.5027146553367623,-2.5060522187722785,-2.502775500125982,-2.435957963401078,-2.529156728086569,-2.174978160270547,-2.516432224087002,-2.372470561560464,-2.4511584812176106,-2.525357809672445,-2.737071047677849,-2.7300706231413203
2014-10-22,-3.0143361361698195,-2.4622417743371363,-2.626257746552673,-2.7957624982826004,-2.7994980221358383,-2.795818624467465,-2.7215172423090923,-2.8251508058461843,-2.4311507953266043,-2.8110789939797143,-2.6507430772888743,-2.7384361581311656,-2.8209248707356327,-3.0739211559186512,-3.0665363827456185
2014-10-23,-3.0143361361698195,-2.4636141325495573,-2.584993750650564,-2.6974207689641303,-2.7010462351049527,-2.69746237764262,-2.625844853578094,-2.7258015226149865,-2.3452827843372,-2.712285373116024,-2.5379914927977745,-2.642040752663412,-2.721717995468769,-2.8472322713775866,-2.842353075320106
2014-10-24,-3.0143361361698195,-2.464362768389383,-2.6306707571447987,-2.708257665845483,-2.711901594538761,-2.708287240579294,-2.636527522548694,-2.736709023167128,-2.355118128403168,-2.7231105543159653,-2.5677939016499054,-2.6527201306530848,-2.732616984918559,-2.8809221531598883,-2.8760427982523136
2014-10-27,-3.0143361361698195,-2.464392324865311,-2.5813173056916296,-2.5847905134829032,-2.588281545236302,-2.5848082531339998,-2.516298850113632,-2.6119892727225684,-2.247186313633741,-2.598794221307615,-2.4505206925705587,-2.5316922705192497,-2.608077795619528,-2.745106943627132,-2.740035898651579
2014-10-28,-3.0143361361698195,-2.4639752467728693,-2.502845397034313,-2.436672240365949,-2.439961108065658,-2.436680165645941,-2.3719129383188307,-2.46237248044393,-2.1178165858884044,-2.4500947255399703,-2.3099185776044497,-2.3864745788286643,-2.45867341319165,-2.563503120308614,-2.5573981257013143
2014-10-29,-3.0143361361698195,-2.4577668794758987,-2.5651222368009075,-2.5005232628206664,-2.503878050936257,-2.5005272939542857,-2.434328858405916,-2.526816279584476,-2.1743378769101103,-2.5142669213520104,-2.37085647325669,-2.449097458791974,-2.523031922689313,-2.842031087342,-2.8333812374953182
2014-10-30,-3.0143361361698195,-2.458265340821532,-2.49056761390439,-2.367910756636197,-2.371097487009967,-2.367907543644974,-2.305280248110702,-2.392831988852339,-2.058771843040487,-2.380949775122575,-2.245017666666035,-2.3191722566718003,-2.389245833885709,-2.697710747769706,-2.689118649988945
2014-10-31,-3.0143361361698195,-2.457428397435568,-2.431183483221657,-2.2591041156426463,-2.262122018322224,-2.259095500209696,-2.198968280459169,-2.2829818428042725,-1.9631052294391729,-2.271605776220316,-2.114143414797905,-2.212358329851027,-2.279538443094303,-2.616708226464284,-2.608055109517716
2014-11-03,-3.0143361361698195,-2.452639147250769,-2.468334203915177,-2.299843657232602,-2.3029113089988287,-2.2998267786270263,-2.238631605060045,-2.32412477894188,-1.9986866780860983,-2.312506730460254,-2.180194620821539,-2.2523139860272408,-2.320626776145899,-2.702803776232532,-2.6954500798829413
2014-11-04,-3.0143361361698195,-2.4520503417541506,-2.393597044769269,-2.1734031519379564,-2.176294868185228,-2.173384064044632,-2.115349683952772,-2.19641557744937,-1.8882615900411197,-2.185420622911707,-2.0601934481299566,-2.12834891642234,-2.193095357134342,-2.592413450440393,-2.5835677188831694
2014-11-05,-3.0143361361698195,-2.4427147723397376,-2.327243600205303,-2.0774494665891794,-2.0802191367688048,-2.077423550896318,-2.021907164282391,-2.0994881771975,-1.8045500719977716,-2.0888311233119543,-1.9531516540898943,-2.03431318254642,-2.0963067827035125,-2.369618591672708,-2.3633451087183386
2014-11-06,-3.0143361361698195,-2.4411666440098343,-2.260934051775989,-1.985884939407914,-1.9885435014035693,-1.9858591737517357,-1.932436393907482,-2.0071367689680577,-1.7237790000407327,-1.996861565884244,-1.863609375872186,-1.9443354130933936,-2.00406625903775,-2.256551040672695,-2.250187486610796
2014-11-07,-2.9312426636332622,-2.426531319957916,-2.2027328812049154,-1.8993574077661093,-1.9018716974960264,-1.8993231565909807,-1.848077663597696,-1.9197100889742196,-1.6481289937748398,-1.9097604671580477,-1.7821661340653332,-1.859499043653864,-1.9167704462912412,-2.2844169394614786,-2.276686281061822
2014-11-10,-2.9312426636332622,-2.420993984087432,-2.135793839894664,-1.80794577025487,-1.810364565880527,-1.8079061839449488,-1.7590917491645974,-1.8273744953432285,-1.5684798656683137,-1.8179365230635296,-1.695430748670533,-1.769934425125688,-1.824565519629982,-2.081062587292581,-2.074816632621184
2014-11-11,-2.9312426636332622,-2.4056367199699373,-2.080943722281699,-1.7360274763021408,-1.738343478052573,-1.7360174706609115,-1.6890557615216122,-1.7547300721694497,-1.505706703804682,-1.7453892622343858,-1.6449599153139842,-1.6994479199022257,-1.7520288547743978,-1.9590054581542933,-1.953864532088424
2014-11-12,-2.9312426636332622,-2.405345759024919,-2.018926627077493,-1.6536185004070771,-1.655838343401104,-1.653604428308698,-1.6088218356832684,-1.6714882184595985,-1.433777859170619,-1.66260681425779,-1.5667247088531722,-1.6186894274052883,-1.6689096063257416,-1.8320225860128097,-1.8276264252444916
2014-11-13,-2.9312426636332622,-2.4040701515684137,-1.9586381562709567,-1.5848011879600246,-1.5869414532429016,-1.5847840045572037,-1.5417392185549528,-1.6020049087077164,-1.3737144840560802,-1.5937035700246966,-1.4855218613664214,-1.5512184224602608,-1.5995187292354955,-1.762104169775442,-1.757681262835265
2014-11-14,-2.9312426636332622,-2.4012573018064294,-1.8995163080848732,-1.515280643538096,-1.51732906383384,-1.5152597436231223,-1.4739894376009646,-1.531787290607959,-1.3129591759355113,-1.5237308960944045,-1.4181862519738977,-1.4830631812933364,-1.5294031593097197,-1.6991195917569548,-1.6946999843247963
2014-11-17,-2.9312426636332622,-2.3955359419001323,-1.84256046506771,-1.4549783759234791,-1.4569347810480635,-1.454950229588231,-1.4151546745230186,-1.4708767748552494,-1.260223762361856,-1.4630865780105828,-1.3614668619193897,-1.4239266009640197,-1.468580067651706,-1.4221319501850127,-1.4187541359289095
2014-11-18,-2.9312426636332622,-2.395873663257772,-1.7884900607105816,-1.414207834122427,-1.4161052348865466,-1.4141834936868751,-1.375375547949184,-1.4297242510020736,-1.225048590560916,-1.422102047737261,-1.3244664903808916,-1.383941339006057,-1.4274833804221627,-1.3292566662502283,-1.3264442055819092
2014-11-19,-2.9312426636332622,-2.391924514453396,-1.7664561740651583,-1.4122537125211978,-1.4141484348042046,-1.4122252278003546,-1.3734312163517195,-1.4277641125869396,-1.2232135724758575,-1.4200017239046132,-1.3247525026471942,-1.3820050943435551,-1.4255272671152313,-1.7136795044565174,-1.709290520212987
2014-11-20,-2.9312426636332622,-2.391313768977158,-1.724894430962769,-1.4040044432253649,-1.4058690603416746,-1.4039793169615116,-1.365443448665726,-1.4194068818695504,-1.2169202838434392,-1.4118136565471728,-1.3157399138341306,-1.37397475262615,-1.417187922676143,-1.519820217997614,-1.516087064440245
2014-11-21,-2.8148156854938997,-2.370695379700849,-1.6861053327508675,-1.3727467302642038,-1.3745467971573415,-1.3727370315848355,-1.3348880265768623,-1.3878526454568116,-1.1897573912946766,-1.3804760010790962,-1.3008702024297882,-1.3432852997162543,-1.3856773032718224,-1.6029872145216717,-1.59999974842277
2014-11-24,-2.8148156854938997,-2.370084917514279,-1.648948530826874,-1.3537964955911763,-1.355581477196515,-1.3537844222563151,-1.316131252819761,-1.3688466828283954,-1.1717597973538312,-1.3613377420374566,-1.2678266147216706,-1.3244927709782006,-1.3666755964656916,-1.7080087829201356,-1.7035662926932635
2014-11-25,-2.8148156854938997,-2.367855389393734,-1.6331880781849577,-1.3673034225130294,-1.3691234079190733,-1.3672886038279772,-1.3295282465226554,-1.3824713732995315,-1.1848984451002862,-1.374968758304158,-1.2958840265241665,-1.3378555933809495,-1.3802805279724486,-1.7585025890239565,-1.753894379059627
2014-11-26,-2.8148156854938997,-2.367835287111418,-1.5834851972181232,-1.3273459595134611,-1.3291177349000305,-1.327332429920261,-1.290453065570234,-1.3421629274766391,-1.14937134710715,-1.3348439390373046,-1.2417459495378578,-1.2985790082645354,-1.3400233424149388,-1.6959640681927195,-1.6914240459619885
2014-11-28,-2.8148156854938997,-2.366569114921757,-1.5560133469312434,-1.313985921103198,-1.3157311495118542,-1.3139725948651837,-1.2773918446064738,-1.3286697479769438,-1.1379184105515705,-1.321388333036635,-1.230772831330194,-1.2854679837749117,-1.326550162647542,-1.7040693450717324,-1.6995387840016838
2014-12-01,-2.8148156854938997,-2.358427084895413,-1.5093394676907672,-1.2907291775962246,-1.2924409783108806,-1.2907241852632902,-1.2545058947151857,-1.3052897105469314,-1.1165883300194694,-1.298138910756372,-1.208121966294196,-1.2624885430716444,-1.3031895981719366,-1.40159317814504,-1.3988543560690587
2014-12-02,-2.8148156854938997,-2.358243568478547,-1.5741288134287643,-1.5069380712540914,-1.5088334438054396,-1.5069249812486396,-1.4654569246339098,-1.5235368557679545,-1.3086619235188035,-1.5151642585322551,-1.4126885554962845,-1.4746609738745544,-1.5211448235931586,-1.9608289239700296,-1.9555482167047091
2014-12-03,-2.8148156854938997,-2.3536996678126294,-1.5663182747958957,-1.5041419038344088,-1.5060237454365282,-1.50412111122476,-1.4623235697233268,-1.5208435619564578,-1.3042765288493117,-1.5125143532848302,-1.4084890671974342,-1.4715903462812254,-1.5184358698151386,-1.9409944341518044,-1.935698201342921
2014-12-04,-2.8148156854938997,-2.349464742692178,-1.53425995429114,-1.4623077235178428,-1.4641133440900018,-1.4622759156763174,-1.4214867090795,-1.4785924620610225,-1.2672253253970387,-1.470333769402511,-1.3659180200853582,-1.4305059576351664,-1.4762434665249022,-1.7799353018945123,-1.7754026233682247
2014-12-05,-2.8148156854938997,-2.349809674419138,-1.488860409345386,-1.4160690218138172,-1.4178531981250442,-1.4160425384510753,-1.376528446941638,-1.4319067365954314,-1.2266028117944,-1.4239510790411558,-1.3265760518663476,-1.3852051907906269,-1.4296244356206311,-1.73391639540139,-1.7294529174577007
2014-12-08,-2.6844873196219936,-2.3331217598673226,-1.4480732323365832,-1.3672860523617627,-1.3690174850028043,-1.3672807747479492,-1.3290736402874508,-1.3827077667719443,-1.1835869314187248,-1.3746511362523894,-1.2802603592042772,-1.3373249758681076,-1.3804934444863723,-1.6745937036964615,-1.6701165427863218
2014-12-09,-2.6844873196219936,-2.3298825157063456,-1.4734969367571216,-1.4786730698048474,-1.4805690330381225,-1.478661665051224,-1.4374991294401112,-1.4953310202992365,-1.2797438305298865,-1.486525476452429,-1.3876065984715054,-1.4463062077190116,-1.4929374573680996,-1.8583148932568496,-1.8534375014255764
2014-12-10,-2.6844873196219936,-2.329941787247292,-1.4362277067735802,-1.438004233905763,-1.4398037436440934,-1.437989568196086,-1.3979435821828312,-1.454158352332715,-1.244796712809091,-1.4457850855693817,-1.3436857438941117,-1.4065407177057612,-1.4518355839511556,-1.7765606232489166,-1.7721387609326833
2014-12-11,-2.6844873196219936,-2.3336241960003803,-1.6952424184424535,-1.9371509934120523,-1.9394722299217,-1.937127961331204,-1.8833926471686189,-1.9586658551945269,-1.6775022493549403,-1.9472963927985667,-1.8170916760192493,-1.8950680303161636,-1.955569396693021,-2.436255042038862,-2.4266558953869595
2014-12-12,-2.6844873196219936,-2.328266441273464,-1.6665116449332142,-1.856644260559425,-1.8589092918307264,-1.8566394269062632,-1.8051858192451224,-1.877285896658043,-1.6080523171842735,-1.866587182494509,-1.7371518519127551,-1.8164935131825883,-1.874322644998356,-2.261849914306841,-2.253336168694606
2014-12-15,-2.6844873196219936,-2.3317996376182357,-1.801993219263884,-2.111853005382648,-2.114415587276733,-2.111842767115486,-2.053514158764952,-2.13528108795643,-1.829551120654992,-2.122634409015523,-1.9787899063522825,-2.0663172995157764,-2.131933924681692,-2.59444241937772,-2.5851783581248244
2014-12-16,-2.6844873196219936,-2.333256683868998,-1.8116813726853715,-2.1058377644819952,-2.10836699406935,-2.1058218638611805,-2.0475308598199216,-2.129205350466566,-1.8243051344980448,-2.116341519611791,-1.9768514062188849,-2.060340587642284,-2.125868933700309,-2.6088253434575432,-2.599115856646653
2014-12-17,-2.6844873196219936,-2.331563684046636,-1.856083748250374,-2.165924114528702,-2.1684048308213626,-2.165934737647434,-2.106100701451037,-2.1898756731012496,-1.8775384307971448,-2.176766200242424,-2.053826940694152,-2.119328533222668,-2.186464278324644,-2.686722726467115,-2.677097643171542
2014-12-18,-2.6844873196219936,-2.333721189860157,-2.1476345887940065,-2.543180057436577,-2.546131925266588,-2.5431781904289448,-2.473108158046007,-2.5711681100066435,-2.205707797249056,-2.5555166892834,-2.397711537417026,-2.4887339691796333,-2.567175685019604,-2.867277451238851,-2.8579571291270773
2014-12-19,-2.6844873196219936,-2.336767780519233,-2.4587780617077155,-2.945749261875682,-2.949205595167214,-2.94573167173076,-2.864820904763416,-2.978051666962931,-2.556020788443578,-2.960369234237058,-2.794171733023988,-2.8828270045682345,-2.973438024205826,-2.938611922830312,-2.929416504686285
2014-12-22,-2.6844873196219936,-2.3366342345893614,-2.395099162695133,-2.734927643323757,-2.738171530061728,-2.7348975407909704,-2.6594969099936323,-2.765007980215638,-2.372030386272161,-2.7490900920179238,-2.593868340796873,-2.676275968615525,-2.7607082684463737,-2.8183822566802874,-2.8097645721487767
2014-12-23,-2.6844873196219936,-2.335348144341285,-2.3310872046625475,-2.5445776543557224,-2.5476261019993136,-2.544537018525648,-2.474409339655635,-2.572630181080848,-2.20609243973292,-2.5580486423338638,-2.389497544209822,-2.489882059604164,-2.568622590173661,-2.717607368009439,-2.708090188900317
2014-12-24,-2.6844873196219936,-2.33204222297922,-2.260536672467717,-2.3768432633509105,-2.379713858718546,-2.3767892246467004,-2.3109713176668603,-2.4031367287166328,-2.0597588887461766,-2.3893907741515115,-2.223721735994657,-2.3254863148563856,-2.3993689378335565,-2.582765911132412,-2.573071872660091
2014-12-26,-2.6844873196219936,-2.331552066017705,-2.1921156976323792,-2.2160014813236457,-2.2186897283364737,-2.215950033668585,-2.1543200977375605,-2.240612205180508,-1.919599681114716,-2.22802679665936,-2.1009713023138423,-2.167942636206321,-2.237087043959371,-2.3137443144032286,-2.305983693996066
2014-12-29,-2.6844873196219936,-2.3268344998084194,-2.145401327748336,-2.0991587624917774,-2.101680878607848,-2.09908547181738,-2.040487382652348,-2.1225155539761067,-1.8178929586984505,-2.110589599577613,-1.9900676704847309,-2.053443908541212,-2.119163294695458,-2.3202411289212,-2.3125923295780417
2014-12-30,-2.6844873196219936,-2.3269959450062028,-2.080192088208572,-1.9631078600181089,-1.965482763647564,-1.963050045885844,-1.9080376761590108,-1.985048588773304,-1.6994491868889634,-1.9738268909442152,-1.8609291203733704,-1.9202261515535035,-1.9819026770404928,-2.120535062605857,-2.1142457081348294
2014-12-31,-2.6844873196219936,-2.327663043646307,-2.0412478581774187,-1.9058712345322504,-1.908189816500261,-1.905824504321436,-1.8523512723214972,-1.9272183416052355,-1.649770578482228,-1.9158737164773616,-1.785343518383846,-1.864198607455377,-1.9241603610977325,-2.1359480766608274,-2.1290039867109565
2015-01-02,-2.6634325796077496,-2.3134391295309524,-2.052261801403472,-1.98065798262473,-1.9830533892279276,-1.9806310512435856,-1.9249276138177864,-2.0028593942145387,-1.7140408400485911,-1.9917312603474129,-1.8591263544061416,-1.9372562928269492,-1.9996758825368348,-2.2329335740437104,-2.22605879005177
2015-01-05,-2.6634325796077496,-2.311177455656803,-1.990813786541279,-1.8670526515305828,-1.86931205994446,-1.8670159492549236,-1.8143163995134408,-1.8880279068605172,-1.615308039863255,-1.8773303438217075,-1.750480601925225,-1.826035885648213,-1.885019002861603,-2.147940912203495,-2.1412830221352817
2015-01-06,-2.6634325796077496,-2.3153829500223773,-2.163186071005045,-2.261769524548436,-2.2644568086138355,-2.2617268194823303,-2.198265991113345,-2.2869322920005177,-1.9590879768648235,-2.2740268041391207,-2.118335036802648,-2.212563841754541,-2.2833286680974503,-2.666598380533549,-2.6572068010002647
2015-01-07,-2.6634325796077496,-2.317006769066554,-2.1879449047195623,-2.3049965367663727,-2.307703426779055,-2.304954068650463,-2.24015990420996,-2.330618276229271,-1.9969654019902368,-2.317190958996208,-2.159042108053458,-2.2549000803689627,-2.326955407326344,-2.7043010197280166,-2.6949448241717024
2015-01-08,-2.6634325796077496,-2.317460213755453,-2.229255415129682,-2.320014735540491,-2.3227834627263477,-2.31997621677234,-2.254999394234284,-2.3457820645120018,-2.0103004547937324,-2.332247743438172,-2.1999299698613197,-2.26975824075046,-2.342110256187886,-2.735975939645785,-2.726651609817276
2015-01-09,-2.6634325796077496,-2.3124643144086594,-2.3923158916857004,-2.5528044732887345,-2.555819881630458,-2.552794451766824,-2.4816422864063887,-2.580971788067709,-2.2136076611217,-2.5643603350006297,-2.421004009450408,-2.4979658927081294,-2.576962369824305,-2.822111202482251,-2.814071491883161
2015-01-12,-2.6634325796077496,-2.313956916813328,-2.3597528544371564,-2.463156375483199,-2.4660672704939848,-2.4631367410572613,-2.394523532709428,-2.490369329867803,-2.1355238406488075,-2.4748842423390665,-2.308256421169256,-2.4102105818780357,-2.4864958660602365,-2.800276414465481,-2.791220383510712
2015-01-13,-2.6634325796077496,-2.315608890141472,-2.335832537330191,-2.3984089701609976,-2.40126276631041,-2.398382829174081,-2.3315079205482303,-2.424963860755813,-2.078959552593295,-2.4103618430347047,-2.24703871999848,-2.3467324681750257,-2.421179325963982,-2.770137755496385,-2.761018724899317
2015-01-14,-2.6634325796077496,-2.315873725727231,-2.2665896252226965,-2.238086125944412,-2.240767554566182,-2.2380611113148787,-2.1753853681214688,-2.262974520017881,-1.9391507062477669,-2.249579349017232,-2.096624955325384,-2.189672589871705,-2.2594277342941766,-2.640551317265512,-2.631272892301692
2015-01-15,-2.6634325796077496,-2.3153708007424982,-2.2181945597019475,-2.143293330370002,-2.1458562180355982,-2.143251182696277,-2.0831051623404853,-2.1671685234747367,-1.8565081370615009,-2.154594112444482,-2.0099065776933247,-2.0967955588175715,-2.1637565830287477,-2.4877293203000383,-2.480418799103456
2015-01-16,-2.6634325796077496,-2.3181816534965485,-2.258150937089397,-2.247414225718335,-2.2500709446447056,-2.247381529444056,-2.184579221486909,-2.272359843130809,-1.9484450585918704,-2.2595130095814038,-2.1088467429624003,-2.1988866749891303,-2.268806008415467,-2.724873696243389,-2.715671304362333
2015-01-20,-2.6634325796077496,-2.318717752294625,-2.3219479330769293,-2.3255945357436145,-2.3283640476248744,-2.325569053898973,-2.260572565405404,-2.351431169657588,-2.0160752303303817,-2.3382493369196724,-2.179444951957565,-2.275401841334564,-2.3477567539823454,-2.784715897309207,-2.7756741919609227
2015-01-21,-2.6202660008275656,-2.306140707103713,-2.2575990418724667,-2.170116227728768,-2.172722369542582,-2.170145473387886,-2.1091600792709966,-2.1943500641092664,-1.8807106411576031,-2.181392244277691,-2.0329883822131887,-2.123176825749788,-2.1909097356175264,-2.6236187741873103,-2.614920737945259
2015-01-22,-2.6202660008275656,-2.3061002027057,-2.199001678149328,-2.0369347296724447,-2.0393645152024136,-2.0369543960751373,-1.9794703376605711,-2.059753369869875,-1.7645023887070928,-2.0475867211351386,-1.9079433923074431,-1.992691666456228,-2.0565105703624926,-2.5369486269534773,-2.527849650354333
2015-01-23,-2.6202660008275656,-2.307025461879652,-2.327569594284752,-2.2705489899926783,-2.2732625203436965,-2.270563107745664,-2.206841855414575,-2.2958501620847525,-1.9682132145058184,-2.282222091763288,-2.12165244751475,-2.2215486969391933,-2.2922517274417182,-2.759800987690906,-2.75081833677452
2015-01-26,-2.6202660008275656,-2.303713273759365,-2.2594433735478194,-2.144323051228063,-2.1468785452019743,-2.1443274597677684,-2.0837497391504027,-2.168376156009256,-1.8575830081723743,-2.15523041869304,-2.002358600430685,-2.0977360517534973,-2.1649566748780558,-2.6290859933893502,-2.619919860331771
2015-01-27,-2.6202660008275656,-2.299981305614343,-2.196165101194764,-2.0052490792544777,-2.007641380179684,-2.005297731872999,-1.9484583777478488,-2.027859502271601,-1.7364313134380067,-2.01631275584188,-1.901419169650132,-1.961522187651222,-2.0246514349521205,-2.502359624557917,-2.493283005983402
2015-01-28,-2.6202660008275656,-2.3043501956562,-2.322747340945739,-2.325381736344473,-2.3280502004215786,-2.325429080050489,-2.260098632776488,-2.351256924865454,-2.017351134341005,-2.3379444602329382,-2.1782704574922227,-2.275214424199298,-2.3475829637281755,-2.7701682098639577,-2.76124110357301
2015-01-29,-2.6202660008275656,-2.306635954368495,-2.344798804429088,-2.3945585520669863,-2.3972729201909515,-2.3946029713619734,-2.3268805592901565,-2.421346866835203,-2.075504914625637,-2.4070584125579337,-2.2714342422930525,-2.3425713998009097,-2.417546505278994,-2.785722199595223,-2.776998694709092
2015-01-30,-2.6202660008275656,-2.3063271347969367,-2.338491263898689,-2.3289018735308806,-2.331567412060133,-2.328930919884337,-2.263101107094112,-2.3549409061445066,-2.0184655055153966,-2.3399082625994767,-2.1819560257214974,-2.278374508640071,-2.351253124342269,-2.6242449256685725,-2.6189448419033066
2015-02-02,-2.6202660008275656,-2.307253099960383,-2.363370812673484,-2.3953425171209832,-2.398102432991415,-2.3953638155568795,-2.3276180730410427,-2.4220962303741858,-2.076036187905902,-2.4065408869077096,-2.2719456263535203,-2.343400390452346,-2.4183098551851843,-2.664564986869625,-2.6593190143494283
2015-02-03,-2.6202660008275656,-2.3066240594003378,-2.373928394937394,-2.373734334322924,-2.376472248643927,-2.3737441810392057,-2.306379644242763,-2.4002769459768665,-2.056995078263136,-2.3854772811181,-2.2233322520575305,-2.322137689868075,-2.3965200618028955,-2.652593940516596,-2.647297022454533
2015-02-04,-2.6202660008275656,-2.307028362575333,-2.4109401971774007,-2.403688718529708,-2.406476536081527,-2.4036896079478027,-2.3354034562164427,-2.430544394261344,-2.083292884442501,-2.416458972441645,-2.250753339255783,-2.351445566077846,-2.426744583801328,-2.685555292639751,-2.6805015687356044
2015-02-05,-2.6202660008275656,-2.30547657643474,-2.34482408576843,-2.253164845620671,-2.255647121884353,-2.253177054798187,-2.1892575010969453,-2.278296304597696,-1.952720284403257,-2.2638139033623523,-2.1337510948985288,-2.2043797040476485,-2.274750658734864,-2.561650197870863,-2.5563562720098223
2015-02-06,-2.6202660008275656,-2.304759997207177,-2.346855084786244,-2.2232210804420904,-2.225706746152721,-2.2232176237723347,-2.1600837354621216,-2.2480416320502528,-1.9264432772992144,-2.233583855023945,-2.081331448810854,-2.1750194297865644,-2.244543989927429,-2.5813080974597558,-2.5760189146182983
2015-02-09,-2.6202660008275656,-2.305489099993041,-2.2861257531772714,-2.100743135654711,-2.1031392017051966,-2.1007304137123914,-2.0408848316307493,-2.1242914536359945,-1.819397045831853,-2.1115518403846307,-1.96537463188638,-2.0549928640594106,-2.120966560458866,-2.4984111075025046,-2.492861331156725
2015-02-10,-2.6202660008275656,-2.3056849056751494,-2.2285817281058704,-1.9960520986721928,-1.9984093031172927,-1.996035008695092,-1.9391436740391996,-2.018514235459458,-1.7279989712388306,-2.0070355735839933,-1.8634573208511425,-1.952438804561123,-2.015343241332711,-2.3006664353492217,-2.295260155112682
2015-02-11,-2.6202660008275656,-2.305540560291822,-2.262690790422514,-2.057118404354189,-2.0595800487501577,-2.057098097090063,-1.9985242700713248,-2.0802560349734387,-1.781114334657512,-2.068528314917062,-1.9255019425767743,-2.012184604202701,-2.076992909196597,-2.532053488155514,-2.526511145433914
2015-02-12,-2.6202660008275656,-2.305645074695754,-2.195205129369599,-1.9177951430947269,-1.920121688816252,-1.9177769977184589,-1.86286366180048,-1.9394802272889609,-1.6596966198627965,-1.9287300812982764,-1.794754196014674,-1.8757048498191116,-1.936416746243529,-2.408972183878794,-2.4032163552962014
2015-02-13,-2.6202660008275656,-2.3039410965319287,-2.2130302038474063,-1.9563849653993668,-1.958832339197759,-1.9563609172419785,-1.9005527690430803,-1.9784963714904855,-1.6935181591521455,-1.9675671965014732,-1.831452562208456,-1.9135572569078807,-1.9753720032390736,-2.4920618393529965,-2.486332857767637
2015-02-17,-2.595543637242573,-2.2918766996761164,-2.170474215796883,-1.8684348458598452,-1.870764251769272,-1.86848776505405,-1.814833928442592,-1.8896486941786172,-1.617304899378949,-1.8789723741959408,-1.7496399488394851,-1.8274812361701676,-1.8866621126773453,-2.411752478512658,-2.4060121000887897
2015-02-18,-2.595543637242573,-2.2905855049243646,-2.105763968489177,-1.7490911647022822,-1.7512963228080682,-1.7491353563964118,-1.6988627645804182,-1.7690029420775168,-1.513564038221556,-1.7588515914852925,-1.6351144864235947,-1.7106889612405605,-1.7662016672079055,-2.265702625449393,-2.259678866910805
2015-02-19,-2.595543637242573,-2.2895893653676778,-2.041868531177707,-1.6460148974184716,-1.6481201109404255,-1.646050189319134,-1.5987035508828022,-1.6648086579127988,-1.423927220456342,-1.6553724944634234,-1.5603015164216687,-1.6098102104302934,-1.6621656544907883,-2.0927491516788383,-2.0866453318368685
2015-02-20,-2.595543637242573,-2.2896335051976053,-1.9811244340316256,-1.5655838985160897,-1.5675948316322088,-1.5656109993112275,-1.520493509577279,-1.583542741572816,-1.35391575194006,-1.574555924692736,-1.4839978185708929,-1.5310184893440597,-1.5810166239322012,-1.935742844688026,-1.9303110106834764
2015-02-23,-2.595543637242573,-2.289102206270236,-1.953186307697541,-1.5493905367855474,-1.5513736215492029,-1.5494143726070837,-1.504658810909079,-1.567199643305904,-1.339461011119134,-1.5582578035647223,-1.468522257716123,-1.5150962039833291,-1.5646942926034697,-1.9187574666089788,-1.9130992305740289
2015-02-24,-2.595543637242573,-2.289238800361812,-1.8937909107014848,-1.472403671032131,-1.4742984100497167,-1.472421974815003,-1.4297637665326828,-1.4893912907405285,-1.2723977471612886,-1.4809750830876507,-1.3796542434581354,-1.4397050682210153,-1.4870005186423254,-1.7648777286401205,-1.760752867193336
2015-02-25,-2.595543637242573,-2.284459311960459,-1.839984863580986,-1.409143403790014,-1.4109519259160777,-1.4091706795719776,-1.368107354210601,-1.4254916260048964,-1.2170519664860897,-1.4172754680226545,-1.3189498557010677,-1.3776900034322908,-1.423191120984438,-1.6563487202371028,-1.6530661570560965
2015-02-26,-2.595543637242573,-2.2843155281919003,-1.784142628149039,-1.3562034586027476,-1.3579601916807384,-1.35622261014251,-1.3167407285431914,-1.371972293219515,-1.170917339514442,-1.3639936535660069,-1.2803629339503322,-1.32587410132231,-1.3697556625949732,-1.5819115862482411,-1.5791145017402668
2015-02-27,-2.595543637242573,-2.2830692555645395,-1.7314896225670728,-1.323967168547032,-1.325747108206097,-1.3239799586348544,-1.2854442706826743,-1.339465533431662,-1.1428099587066842,-1.3316157911710595,-1.2544390845000437,-1.2942866944631022,-1.3372906587031763,-1.5481224531951552,-1.5454505428891598
2015-03-02,-2.595543637242573,-2.2795301984488257,-1.693599888816472,-1.3403130594133323,-1.3420988334905966,-1.3403273924631556,-1.3013244145449974,-1.3559790407551635,-1.1573674818810615,-1.348029036884262,-1.2701313662611904,-1.3102957920243876,-1.3537799069684522,-1.577523079224303,-1.5747148063834653
2015-03-03,-2.595543637242573,-2.2795877202771826,-1.6970416498239886,-1.4000154719179412,-1.4018943382998956,-1.4000241160686282,-1.3595252716236848,-1.416283774765262,-1.2099598939742793,-1.4079555430273791,-1.3269838944520784,-1.3688918495496585,-1.4140048602562347,-1.6870213911248042,-1.6834333454685235
2015-03-04,-2.595543637242573,-2.2785670913721345,-1.670790296992798,-1.4340203437154888,-1.4359588117161677,-1.434021021190996,-1.3926610695907498,-1.450669039115872,-1.2395007964611486,-1.4421194593186344,-1.338637704547918,-1.4021934496399748,-1.4483375583218323,-1.71592566786739,-1.7118807658251118
2015-03-05,-2.595543637242573,-2.277978768442021,-1.6319968691235684,-1.427962773341353,-1.429856576459324,-1.4279539501070515,-1.3865357432869188,-1.4446154130445263,-1.233186508969363,-1.4361362558958497,-1.3353874044961598,-1.396024864596994,-1.442279766386398,-1.6117167927114353,-1.6067115912281582
2015-03-06,-2.595543637242573,-2.273867472950757,-1.5871154559469898,-1.3721560757159692,-1.3739163218349062,-1.3721253861747464,-1.332198070685672,-1.388180859762934,-1.184528574537178,-1.3800728317521862,-1.2830384543386817,-1.3412862458923216,-1.3859311325955157,-1.5276724267931532,-1.5239664754823192
2015-03-09,-2.595543637242573,-2.2766779131477173,-1.7012262629053332,-1.7589070989438556,-1.7611323135322263,-1.7588761635627748,-1.7081672103100387,-1.779239110595789,-1.5201816681954474,-1.767672012659646,-1.645683784351916,-1.7198227698205495,-1.7764019270807854,-2.1476963976965706,-2.1426766493046485
2015-03-10,-2.595543637242573,-2.270729229589163,-1.661381589344901,-1.6652874989509745,-1.6674650577383372,-1.6653257902022174,-1.6170884615214356,-1.6846813223240793,-1.4387756424712084,-1.6741342258352316,-1.5564425030223936,-1.6282784445014569,-1.681983208574913,-2.0299474378743945,-2.024858998333882
2015-03-11,-2.595543637242573,-2.2754020189053854,-1.8791976533211208,-2.170261967499571,-2.1730730289608,-2.170306872870782,-2.10825817366203,-2.1951542257524266,-1.879163396263893,-2.1815577559460007,-2.0310237443029604,-2.1227226342448637,-2.191676832326657,-2.445232238656174,-2.43970584951696
2015-03-12,-2.595543637242573,-2.275017049680993,-1.8254195719248445,-2.0169678812470275,-2.0195750808309145,-2.01701851597887,-1.959141727071342,-2.040219032230444,-1.745277618520027,-2.0278513095610253,-1.8879371225883432,-1.972517993283997,-2.036968165004032,-2.292865367489167,-2.28734319882044
2015-03-13,-2.595543637242573,-2.2726442913071274,-1.8720927282260031,-2.0574311272507755,-2.060046115981846,-2.057498735210816,-1.998336916425224,-2.0811644251514,-1.7804739850288085,-2.0684687141821456,-1.951454171664664,-2.012025357355245,-2.077843368011824,-2.3548736044465954,-2.3494962288050685
2015-03-16,-2.595543637242573,-2.273626320831108,-1.839564086498512,-1.9773867670855,-1.979910256814603,-1.9774457093560835,-1.9205245618571944,-2.000248588676612,-1.7106436018030573,-1.988139208683232,-1.8510032260277336,-1.9336423164935024,-1.9970450933430397,-2.289995398867883,-2.284529676428887
2015-03-17,-2.595543637242573,-2.274220243363509,-1.9229109438549103,-2.0856554422917246,-2.0883209619493783,-2.085707230365144,-2.025978019809729,-2.109638128918915,-1.805431115631016,-2.0967577217118767,-1.9783252331912204,-2.0397714756677443,-2.1062816810503406,-2.415467538317041,-2.409860146994848
2015-03-18,-2.595543637242573,-2.274551095815587,-1.8649754952130848,-1.9481058287405773,-1.9505917752459976,-1.948146088325133,-1.8921318946162329,-1.9705870595399395,-1.6854195401610852,-1.9583159685958385,-1.822863720675853,-1.9050723527132507,-1.96744033099552,-2.279861040070189,-2.27436263192392
2015-03-19,-2.595543637242573,-2.2738295042716548,-1.9067269091894528,-1.9954498397485845,-1.9980868749294427,-1.9955178119649952,-1.9382945363083453,-2.0183535029257733,-1.7279510373359714,-2.006489221970613,-1.8680855783627968,-1.9518575434539156,-2.0151560053846898,-2.3507875870869506,-2.345215419303984
2015-03-20,-2.595543637242573,-2.2740522044378326,-1.8505757663472897,-1.8857353448767076,-1.888230739664131,-1.885786506339363,-1.8315369917340645,-1.9074935582454424,-1.632191066010119,-1.8954835793966187,-1.7642857161884211,-1.844352094683917,-1.9044586839223807,-2.231054053552106,-2.225710386033999
2015-03-23,-2.595543637242573,-2.274136921146436,-1.849588439861136,-1.856147860690223,-1.8585890700251124,-1.8561862994293763,-1.8027112701071109,-1.877573188907008,-1.606398627325927,-1.865434287267343,-1.7603071877811682,-1.8153608960233405,-1.8745847948781809,-2.181403439304553,-2.1756385364285418
2015-03-24,-2.595543637242573,-2.2744628090922188,-1.79850576940575,-1.753951559885303,-1.7562439940386347,-1.753977797250412,-1.7031586459749586,-1.7742919777958823,-1.5167255661917354,-1.7625245747799,-1.6630116585570234,-1.7151794597814354,-1.7714534265445867,-2.1311295774331107,-2.1258765688528487
2015-03-25,-2.595543637242573,-2.2753755235003768,-1.7641837353815544,-1.715852754263583,-1.7180902165221084,-1.7158704703749337,-1.6661771671416192,-1.7357461318380567,-1.483645633328729,-1.723966638260415,-1.605607163132372,-1.6778949069314093,-1.732972116789622,-2.0855026652494164,-2.0807143654237343
2015-03-26,-2.595543637242573,-2.2800728255538,-2.0337703323326783,-2.322837226729218,-2.3260766560684942,-2.322872428966815,-2.2570600991473158,-2.3493543285967906,-2.015465959963917,-2.333837211218802,-2.1760284556043183,-2.272705690696704,-2.3457094915577428,-2.5861945804609183,-2.5804711860453677
2015-03-27,-2.595543637242573,-2.2800545321093884,-1.97712407340464,-2.1598390480622385,-2.1628253114233105,-2.159857513775847,-2.098555327587034,-2.184525225756819,-1.8736588096327216,-2.1701361203882064,-2.050133975662373,-2.1130950873847656,-2.1811284939222286,-2.4543919486214887,-2.448517337197037
2015-03-30,-2.595543637242573,-2.278941305522556,-1.9306608041358508,-2.0178716413198865,-2.0206287031183083,-2.0178762129492607,-1.960464445621148,-2.040943372029645,-1.7505016271924327,-2.027444648470164,-1.8925350120745053,-1.9740963001035148,-2.037766954406664,-2.3636482355929584,-2.3575810153835546
2015-03-31,-2.595543637242573,-2.2782564758858768,-1.9888650912423596,-2.0932691285120906,-2.096115470119252,-2.093261040985753,-2.0334857862837383,-2.11726734883579,-1.8140794602360009,-2.103009452130404,-1.9863754501610504,-2.047601619042528,-2.11395580116707,-2.4752288854826645,-2.46939429900724
2015-04-01,-2.595543637242573,-2.277292979063952,-1.997452441471572,-2.118008466119126,-2.12097922709159,-2.1180828678532246,-2.057527181517579,-2.142409637124992,-1.8353871126118888,-2.1284605678463198,-1.9800975001606136,-2.071783780799004,-2.139051223373309,-2.4000407396613337,-2.3941975734757763
2015-04-02,-2.595543637242573,-2.277067427740229,-1.950629117234572,-2.005037867898508,-2.007845187682532,-2.005100528011933,-1.9477517919522072,-2.028173438015391,-1.7370730939696537,-2.014832485352032,-1.902667141873693,-1.9611719235403653,-2.0249877238376337,-2.422305636506195,-2.4161729187511978
2015-04-06,-2.595543637242573,-2.2771265741724345,-1.8963457634033545,-1.8734045288406984,-1.8759989881357,-1.8734492891697865,-1.819672053344241,-1.89507535662436,-1.6224097808973443,-1.8825955438354265,-1.752431240413844,-1.8322412099980712,-1.89208642665825,-2.2414340393106347,-2.234848877001049
2015-04-07,-2.595543637242573,-2.276673852015374,-1.8743099575287647,-1.8121025985088,-1.814595742953635,-1.812132703143289,-1.7599955460523815,-1.8330953764017883,-1.5687170125926002,-1.820821820443849,-1.6964265429281176,-1.7721717760169942,-1.830202914280805,-2.154253823207921,-2.1485404716491225
2015-04-08,-2.595543637242573,-2.2764530043159503,-1.819955784875377,-1.7114746352118977,-1.7138137308071244,-1.7114923666151345,-1.6621298229528936,-1.731337242020058,-1.4811953894397385,-1.7196259965585932,-1.6020304716641711,-1.6736615696815549,-1.7286001573751513,-2.1317881967200094,-2.126036227530397
2015-04-09,-2.595543637242573,-2.276404730775732,-1.7916901735006427,-1.6584236518046174,-1.6606640482478787,-1.6584335376371386,-1.6107825157768745,-1.677628187734849,-1.436199992088228,-1.666442946429938,-1.5538059129737518,-1.6218488298101326,-1.6749803349959846,-2.077084709475878,-2.070774709137662
2015-04-10,-2.595543637242573,-2.274256613200174,-1.7569071147391773,-1.5962151140416,-1.59839415408825,-1.5962102948731256,-1.550261950016517,-1.614748275009065,-1.381870388357327,-1.6038751963329234,-1.4941347553909483,-1.5609511183536136,-1.6121964520297891,-1.861246766433433,-1.854087649209764
2015-04-13,-2.595543637242573,-2.2712701801104616,-1.7246934207543771,-1.5513316097100338,-1.5537222683791414,-1.551407018351705,-1.5066542334915538,-1.5696706199518478,-1.3421571881383705,-1.5591057558526509,-1.451926278525637,-1.5169121392764984,-1.5671732738402662,-1.7804493486396522,-1.7734048329996477
2015-04-14,-2.595543637242573,-2.271045515335484,-1.6812791956332098,-1.5210230884043532,-1.523361350189812,-1.5210977231360143,-1.4770071083152525,-1.5390349113910435,-1.3147181233958267,-1.528669912341271,-1.423184192123266,-1.4871254941480152,-1.5365720499551816,-1.701473273207293,-1.6957078527624805
2015-04-15,-2.595543637242573,-2.271055323459051,-1.63014188182103,-1.4575563708430823,-1.4597420436660484,-1.4576188815097952,-1.4152822237396303,-1.474819857622416,-1.2598435286034355,-1.4648386181394344,-1.3643577305819217,-1.425007164569822,-1.4724570634293752,-1.6123222686266556,-1.6073428685371989
2015-04-16,-2.595543637242573,-2.271026752449839,-1.6163735079517354,-1.4559203046879132,-1.4580950564566912,-1.4559799345047095,-1.4137041597549422,-1.4731529714910367,-1.2585658307935623,-1.4631937138153006,-1.3810127726960078,-1.4234162568294904,-1.4707938686153117,-1.626145189922468,-1.620794345744524
2015-04-17,-2.595543637242573,-2.2711189612345524,-1.5676570250714144,-1.3974903353670498,-1.3995305228617665,-1.3975382072390927,-1.3568599929488867,-1.4140333801574427,-1.2077748864843645,-1.404375135187658,-1.3254589516842872,-1.3662206455404893,-1.4117664862773671,-1.539091686027891,-1.5352086000859428
2015-04-20,-2.595543637242573,-2.2745138348478484,-1.6991949927499392,-1.7878534841803189,-1.790373966191097,-1.7879026557397748,-1.7365935267871335,-1.8086226648971264,-1.5484034381737697,-1.7967270788181935,-1.6733357597786065,-1.748426735213797,-1.805766668345484,-2.174650587007442,-2.167895519460705
2015-04-21,-2.595543637242573,-2.274764922888061,-1.7610735014266177,-1.8726721069892889,-1.8753304153749333,-1.8727183833005825,-1.8191792234854656,-1.8943565702640013,-1.6227644903428515,-1.8818139391583824,-1.7544960938983565,-1.8315248011371836,-1.89137339470978,-2.2859153554351663,-2.279380349568514
2015-04-22,-2.595543637242573,-2.2742639688465114,-1.7088098925330009,-1.7618495663450977,-1.7642557296721166,-1.7618854566728648,-1.7112835473947143,-1.7822775253413472,-1.5264293910220066,-1.7705171292900803,-1.6485594149899754,-1.722999138430872,-1.7794623943277474,-2.166896173480919,-2.160152119639942
2015-04-23,-2.595543637242573,-2.274175821374462,-1.677664042631043,-1.6882067183410137,-1.6901951834001356,-1.6882371668956828,-1.6394366792180688,-1.707533257197322,-1.462510960272601,-1.696052032222758,-1.5809939767623225,-1.6510451299250513,-1.7048650263316614,-2.034405194422105,-2.0286685125721444
2015-04-24,-2.595543637242573,-2.274189632057164,-1.6370493312093606,-1.6032478562621548,-1.605163100762321,-1.603271411986568,-1.5569928318345765,-1.6216149119954568,-1.3889385039090312,-1.6106841157261629,-1.5211224764405675,-1.567980895734194,-1.6190808406693158,-1.895518967563158,-1.890202956769716
2015-04-27,-2.595543637242573,-2.2693356059048178,-1.6093755936519805,-1.5502684547582848,-1.5521759681111431,-1.5503541112289263,-1.5054882034374977,-1.568197288843569,-1.3432046927745875,-1.557448370316901,-1.471204117873685,-1.5160827353966173,-1.5657300768359543,-1.826054081705487,-1.8213000300377291
2015-04-28,-2.595543637242573,-2.270168432928128,-1.588342628383074,-1.558520581346624,-1.560519759093176,-1.5586242737219285,-1.5137175178832782,-1.5765554668738542,-1.3507798278736864,-1.5658693923126383,-1.459333753304023,-1.5242682257458129,-1.574078008154883,-1.829680154270233,-1.824176312453578
2015-04-29,-2.595543637242573,-2.2702025669831687,-1.5408189806087758,-1.4904667709048365,-1.492332802864794,-1.4905584380021537,-1.4473618484223003,-1.5077618254769154,-1.2912213021612229,-1.497509774875812,-1.395225830208069,-1.4575589803823334,-1.5053801522734491,-1.70955708626692,-1.7055118570905718
2015-04-30,-2.595543637242573,-2.271205002336137,-1.5210932260336476,-1.5044508594859138,-1.506275148374003,-1.5045403933906698,-1.4610789588772566,-1.5217764135794871,-1.304084557380072,-1.511447464981858,-1.409362386480182,-1.471401654481666,-1.5193896521680674,-1.7372128943320224,-1.733214002471131
2015-05-01,-2.595543637242573,-2.274576183114781,-1.6591748223708052,-1.85218107252995,-1.8542962860661183,-1.8522796385600009,-1.7995729329233998,-1.873077653496872,-1.609405974417354,-1.8607845016444216,-1.7590502605679803,-1.8121680317078448,-1.8701957777890688,-2.13118270024452,-2.124432996535853
2015-05-04,-2.595543637242573,-2.2749491747341883,-1.744900382125643,-1.9646272988957183,-1.966839875144156,-1.9647169979638093,-1.9086476193417723,-1.986811660293383,-1.70564771706676,-1.973639310942268,-1.8399616922851407,-1.922075575483966,-1.98375308208912,-2.3264169607541607,-2.320536556876672
2015-05-05,-2.595543637242573,-2.274743024377213,-1.6983169342513216,-1.8355490092665852,-1.8376070338518231,-1.8356196832647949,-1.783214751605533,-1.8562415136220651,-1.5933370907599638,-1.8438352284882715,-1.7161894359101697,-1.7958127740437315,-1.8533895346062568,-2.2282029552645333,-2.2221682323673004
2015-05-06,-2.595543637242573,-2.278162679653443,-1.8234527786472023,-2.1034482905513787,-2.1057739022549167,-2.103514730442528,-2.043627452686717,-2.1270413798586856,-1.826419340366641,-2.1129858240451127,-1.9715906979594071,-2.058075703943507,-2.1237839137225074,-2.4977918695573997,-2.4919886964305604
2015-05-07,-2.595543637242573,-2.278744223125255,-1.7842595145304865,-1.9967394218778207,-1.9989211153057784,-1.9967899332782515,-1.9397434072840856,-2.0191536533458487,-1.7332322115617285,-2.0057629722555896,-1.866731946538681,-1.9535866587331223,-2.016056312804178,-2.3454230620143983,-2.339631423724814
2015-05-08,-2.595543637242573,-2.278500428827126,-1.7488789213630742,-1.8822589522328708,-1.8843097705851768,-1.8822955377760893,-1.828570049365234,-1.9033597897702617,-1.6339636696699051,-1.8907180831392687,-1.7633713337052102,-1.8416247800212768,-1.9004480355549864,-2.258350783783336,-2.2522098198584137
2015-05-11,-2.595543637242573,-2.2788740208353087,-1.8394646333813096,-2.0290365902062724,-2.031210493770691,-2.029072240924453,-1.97073713880643,-2.051924867312765,-1.7587783112112712,-2.038235030584811,-1.8997579312539392,-1.984866244665206,-2.0487632530547324,-2.3692328490757637,-2.3635247721229664
2015-05-12,-2.595543637242573,-2.2795674292102177,-1.7948605297315974,-1.928919162879286,-1.9309845472739,-1.92894616589633,-1.8732157125475832,-1.9507323626073565,-1.671327572775693,-1.9376680118844944,-1.82985901816422,-1.8868025780170907,-1.9477171949400165,-2.312251764773728,-2.30633871640792
2015-05-13,-2.595543637242573,-2.278772194172898,-1.7498302515732105,-1.83064436880553,-1.8326775719519568,-1.8307062246118069,-1.7778116790958385,-1.8513398672088264,-1.58663357597343,-1.83883342031819,-1.7366222816749572,-1.790867614725384,-1.848486798420892,-2.28845116157265,-2.282586002137969
2015-05-14,-2.595543637242573,-2.2789063589808123,-1.6966763522387986,-1.7134459995833544,-1.7153667747511705,-1.713491204715063,-1.6640541620302671,-1.7328247372826298,-1.484828342352125,-1.721108660071048,-1.6042268639521962,-1.676194289287718,-1.7301547071718164,-2.0754562389124485,-2.068853778767945
2015-05-15,-2.595543637242573,-2.279136760819948,-1.786959145576687,-1.8692081783540968,-1.871302611293008,-1.869245334148172,-1.8156324239670456,-1.890230628830281,-1.6207853684749702,-1.8773163360891552,-1.7733277172737958,-1.828776544174865,-1.8873355949272044,-2.247794922515466,-2.2419449015658377
2015-05-18,-2.595543637242573,-2.277838967137237,-1.7325383882768055,-1.7468241972399725,-1.7487772879748638,-1.7468529462566311,-1.6966974286917542,-1.766498299551014,-1.5144360631434344,-1.7545139522411335,-1.657117702482761,-1.7089751957214532,-1.7637886767723068,-2.1426588633764934,-2.13645597286458
2015-05-19,-2.595543637242573,-2.277838547535182,-1.699208933663603,-1.6681163397983236,-1.6699652005308652,-1.6681346139961222,-1.6201678829530362,-1.686911046085116,-1.446372582506095,-1.675393033159135,-1.5630124312661136,-1.6319331902487004,-1.6843190785746438,-2.109334887355306,-2.1033226398934013
2015-05-20,-2.595543637242573,-2.2768521261144423,-1.6487481414834515,-1.580962711353337,-1.582739388386568,-1.580972138524294,-1.535579013140065,-1.598798917975789,-1.3706830217613646,-1.5878014546579453,-1.4804883662282249,-1.5466528647209123,-1.596337690248831,-1.943823324648116,-1.938431335383785
2015-05-21,-2.595543637242573,-2.273751251398999,-1.5986101116783864,-1.5038785561652783,-1.5055773975254774,-1.503884564249775,-1.4605706804082732,-1.5209033043942155,-1.303422807068179,-1.510504750227813,-1.4077716382001493,-1.4711516085258447,-1.5185528127244283,-1.7871304677171107,-1.782413991567935
2015-05-22,-2.595543637242573,-2.2733728691001622,-1.5595739893386673,-1.4418155173479132,-1.4434444870830838,-1.4418172073820397,-1.4002225393673997,-1.458168198136109,-1.24946024639394,-1.4480774678881556,-1.3502057356673265,-1.4103912247387702,-1.4559139421936362,-1.6881427101741078,-1.6844067898861894
2015-05-26,-2.595543637242573,-2.2688585124196248,-1.5137632309057945,-1.3960394374221068,-1.397617798073199,-1.3960568086084797,-1.355465626523373,-1.4119931047194296,-1.2087462200806194,-1.4021269551958422,-1.3063130153419535,-1.3653947197020555,-1.4097948345348148,-1.6117047639667337,-1.608491679959801
2015-05-27,-2.595543637242573,-2.271236527837884,-1.5905850663641987,-1.6593360596161566,-1.6611995678318472,-1.659347881812891,-1.6113215366443572,-1.6781914680732375,-1.4368841214082664,-1.6665199038889182,-1.5500408656561695,-1.6230455106106407,-1.6755929973080224,-1.99797210760758,-1.992371310360454
2015-05-28,-2.595543637242573,-2.270616466678895,-1.6833310018893357,-1.808819506429686,-1.8108048824680265,-1.808842084002892,-1.7568624096465082,-1.829238841300122,-1.5684990044952796,-1.8167462238989611,-1.6938867919172398,-1.769472088840548,-1.826424426958892,-2.218360581131261,-2.211523090077683
2015-05-29,-2.595543637242573,-2.2709448481847088,-1.6342202013109877,-1.7045007315950036,-1.7063630337407654,-1.7045127135239615,-1.655521231886434,-1.7237585334706456,-1.4778569619070552,-1.7118588309346694,-1.617309204938495,-1.6673719081198428,-1.7211012668925478,-2.074929159840225,-2.068136794373073
2015-06-01,-2.595543637242573,-2.272049086269577,-1.6199267192473972,-1.7065222467957588,-1.7083775875316156,-1.7065276388113708,-1.6573822512435092,-1.7257886431371643,-1.478778586630206,-1.7138159683989251,-1.6188226132180803,-1.6692976500430492,-1.7231302592323687,-2.0460349292363804,-2.040243803264286
2015-06-02,-2.595543637242573,-2.2682458817416182,-1.5760327936555487,-1.6088772018541468,-1.6106081575560072,-1.6088808974773283,-1.56247650815417,-1.6270903731252044,-1.3937767605874498,-1.6157916428364307,-1.5053313898974892,-1.573685449449672,-1.6245815749126058,-1.8860257596262733,-1.8807035060856463
2015-06-03,-2.595543637242573,-2.26710658892189,-1.5293898752118975,-1.5336103481681174,-1.5352536934553216,-1.53363136865017,-1.4893808312283343,-1.5510141857020987,-1.328669741715128,-1.5402645973283702,-1.4367687894919574,-1.5000788433093604,-1.5486290797243256,-1.7506244030936131,-1.7461624347380778
2015-06-04,-2.595543637242573,-2.2660457930735074,-1.4946038491809677,-1.4727670704868636,-1.4743311995361967,-1.4727761431329456,-1.4303314076925515,-1.489492847823322,-1.275745062892203,-1.479083962332024,-1.3797239971064934,-1.4404793964544105,-1.4871927299738252,-1.6721105337039053,-1.6685098280802098
2015-06-05,-2.595543637242573,-2.2672558179146187,-1.523929874621331,-1.605431963765994,-1.607158353944522,-1.6054327695435728,-1.5590827897643278,-1.6236730941805042,-1.389741572916458,-1.6124053704173615,-1.501943734257794,-1.5701866048247664,-1.621170380994925,-1.8847792407558024,-1.8794533601272576
2015-06-08,-2.595543637242573,-2.265669549783528,-1.4775503867641842,-1.5259432929659271,-1.5276663318429455,-1.5259275248814084,-1.481836083785906,-1.5432949535225609,-1.3208007920490503,-1.532429377658614,-1.4277183512200151,-1.4924810622899949,-1.5409101937947491,-1.7488742884001236,-1.744299131167559
2015-06-09,-2.595543637242573,-2.264701104673448,-1.5014180395744163,-1.6121649501340864,-1.61400401312954,-1.6122123501498464,-1.565593395088534,-1.6305221808597647,-1.396503658530378,-1.6191174819131522,-1.5093837466591016,-1.576934923668366,-1.6280032983375738,-1.88193089617844,-1.8766491101675684
2015-06-10,-2.595543637242573,-2.2644363869910498,-1.4560336622343015,-1.5322627073289343,-1.5341078279376177,-1.532359228710062,-1.488033990548476,-1.54976967690511,-1.327884356153923,-1.538844378842206,-1.4348297516695463,-1.4989514674895963,-1.5473792172590952,-1.739636063557484,-1.7360194824026147
2015-06-11,-2.595543637242573,-2.264986210591841,-1.573849468121109,-1.7357416201473743,-1.7378095589416325,-1.7358498391029291,-1.6856334271625806,-1.755539088720523,-1.503705015137743,-1.7432768694855396,-1.62371690596517,-1.697991026117904,-1.7528313068594263,-2.036887124105308,-2.031644356060949
2015-06-12,-2.595543637242573,-2.264866448500194,-1.5281127499401856,-1.637019537981511,-1.6389694663747698,-1.6371168925707165,-1.5897942922262085,-1.6556791872434564,-1.418003267737081,-1.6441490082562265,-1.5526565096069036,-1.6014190684014158,-1.6531275223313575,-1.8782048563071536,-1.8739247976903937
2015-06-15,-2.595543637242573,-2.266055132971612,-1.5286766167589565,-1.668807032942335,-1.670777031531917,-1.6688993899903832,-1.6206073877620475,-1.687818987391983,-1.4452731601078996,-1.676063448901889,-1.5827323465343308,-1.632471858938202,-1.6852158465619032,-1.9859537237120424,-1.980314899561166
2015-06-16,-2.595543637242573,-2.2669212510037635,-1.503285550797678,-1.635869714368575,-1.637795498092924,-1.6359568623910823,-1.5886038014100097,-1.6545157253382086,-1.4165853208736108,-1.6431253366352905,-1.5301153690945637,-1.6001970236738825,-1.65195742965435,-1.9239973763261653,-1.918574970289122
2015-06-17,-2.595543637242573,-2.2669029475424622,-1.4893026137716785,-1.596764481137652,-1.5986480828316092,-1.5968457144617745,-1.5506579646996448,-1.6149648245276986,-1.3825393471092915,-1.6038187201908043,-1.5142734387479693,-1.56193773387791,-1.6124693132438543,-1.7957694090089338,-1.7905108309040407
2015-06-18,-2.595543637242573,-2.266940981063811,-1.448031800620453,-1.519768052895295,-1.5215714320695797,-1.5198534398597925,-1.47586833067255,-1.5371336678280725,-1.3157142855548931,-1.5266066695960627,-1.4412544735269106,-1.4865547640756855,-1.5347528803491466,-1.7437206142312816,-1.7393546966795113
2015-06-19,-2.595543637242573,-2.266885001547048,-1.551798855741913,-1.690388103324766,-1.692385329928866,-1.6904845642058135,-1.6419847477350125,-1.709496120177826,-1.464857350565449,-1.6978004437409535,-1.603376301725471,-1.6537706526569318,-1.7068701715531498,-1.9426550988871083,-1.9368789511586293
2015-06-22,-2.595543637242573,-2.2675729253851453,-1.523575543013608,-1.6569023342601692,-1.6588425784219063,-1.656991127533238,-1.6092178981043967,-1.675675799170593,-1.4351662323519645,-1.664263200071167,-1.571418424621098,-1.6208752479762294,-1.6730928043320508,-1.9507883595588773,-1.945402046468284
2015-06-23,-2.595543637242573,-2.2667011648464954,-1.5248182397862982,-1.636462240362841,-1.638395383696957,-1.636556554651738,-1.5894148658307083,-1.6550029583861143,-1.4175048661296683,-1.64364222435094,-1.5519406933108246,-1.600946537349043,-1.6524551654020945,-1.861968242292871,-1.856575663212687
2015-06-24,-2.595543637242573,-2.2668132695278067,-1.4792776110151666,-1.552036320908547,-1.5538771843772563,-1.5521361330078738,-1.5073829649725858,-1.5696608999416894,-1.344220519384936,-1.5589689827340871,-1.4536395668597326,-1.5182877304228355,-1.567236910239891,-1.7898132613457374,-1.7854545558993522
2015-06-25,-2.595543637242573,-2.268222024319541,-1.4941918369257372,-1.623882461564073,-1.6258009969290048,-1.623980870730848,-1.577231659047902,-1.6422904944185317,-1.4064106642940544,-1.631218617080023,-1.540004848183014,-1.5885810868994643,-1.6397560895704058,-1.9040124846593365,-1.8990915285237773
2015-06-26,-2.595543637242573,-2.2687151815210806,-1.455591433399061,-1.5655497667264389,-1.5673964374613638,-1.5656397346112,-1.520512109715704,-1.583314479064322,-1.355631253423376,-1.5726748075471302,-1.4646746953147678,-1.5314520402077805,-1.5808654293711044,-1.7948994862724663,-1.7906085590228988
2015-06-29,-2.595543637242573,-2.269363913992487,-1.4237457020505713,-1.5360039939667134,-1.5378078776976984,-1.53609833545789,-1.491898784813847,-1.553425054576586,-1.3312406552826248,-1.5431301096678427,-1.4571594467945173,-1.502612299229051,-1.5510249882938063,-1.7543030837590428,-1.7506014561542342
2015-06-30,-2.595543637242573,-2.277067539915516,-1.891756313160508,-2.405937099014035,-2.408751725205186,-2.4060777979685533,-2.338102892475019,-2.432633601204798,-2.0887073737059945,-2.416920431336774,-2.2523880088908266,-2.3546405198592915,-2.4289371169797715,-2.622427270403149,-2.616866213417937
2015-07-01,-2.595543637242573,-2.276609331091563,-1.8495503653836165,-2.238688864756889,-2.241288120843484,-2.2388132124386373,-2.175339463270095,-2.263532707410186,-1.9433926951201903,-2.2489171353931288,-2.0974462758214787,-2.1908936884199,-2.260090770926798,-2.4938649449214805,-2.4881562173635503
2015-07-02,-2.595543637242573,-2.2764478664511154,-1.8263797648325504,-2.127117961275407,-2.1295658843922656,-2.127225109423996,-2.0666629611779768,-2.1507566684326767,-1.8458881653335049,-2.136912602525379,-1.9928573932724511,-2.08155658628999,-2.1474795884005387,-2.4269101159497524,-2.4209635049245226
2015-07-06,-2.595543637242573,-2.2764593643720312,-1.771012377628564,-1.983455303303596,-1.9857540489392385,-1.9835461934185783,-1.9272008189372825,-2.0054966944389903,-1.7210654509143686,-1.9926324416012309,-1.881813405318116,-1.9409602743437515,-2.002442878266152,-2.2959168360454014,-2.2901410734875616
2015-07-07,-2.595543637242573,-2.27706465315288,-1.7296898242689216,-1.891138092171306,-1.893322619306949,-1.891215562821175,-1.837424228791812,-1.912171901706205,-1.6406544329474066,-1.9000227351540104,-1.7718171527246949,-1.850537590939435,-1.9092543744239812,-2.1837801872601768,-2.178331486236031
2015-07-08,-2.595543637242573,-2.276674117925935,-1.689385644568635,-1.8086529040710908,-1.8107190883573807,-1.8087202485790328,-1.7569141645144035,-1.8288924592358684,-1.5680174594064638,-1.8174003751182808,-1.6890934075766333,-1.769546792729455,-1.8260792638714167,-2.0121506314618043,-2.0069415450785453
2015-07-09,-2.595543637242573,-2.281180327159812,-1.9102045011961573,-2.24026259353051,-2.242858013113814,-2.24034007204042,-2.176794985614045,-2.2651051050589928,-1.9436988906698915,-2.2512105846135064,-2.1006436530484884,-2.1922367537806062,-2.2616514297567964,-2.524030805104017,-2.518734520647348
2015-07-10,-2.595543637242573,-2.280569269343803,-1.857119520276254,-2.086592560647662,-2.0890455156489534,-2.086705096898604,-2.0274798209518203,-2.1098448357916864,-1.8099804401786943,-2.0963342198825035,-1.9527989130021297,-2.041745463113376,-2.106618930963984,-2.362547886301126,-2.3571590823723176
2015-07-13,-2.595543637242573,-2.280834118249924,-1.9630083233735125,-2.207930832347961,-2.2105279748748137,-2.2080430536656186,-2.1456253565345964,-2.2324219626881088,-1.9160294984757844,-2.2183631182513617,-2.0949441092489103,-2.1606694128320263,-2.229026988208102,-2.53369598774433,-2.5282024266139778
2015-07-14,-2.595543637242573,-2.281469474543575,-2.0388610401799494,-2.2709783824490386,-2.273634293035317,-2.2710926116775294,-2.2070543605099706,-2.296086664776121,-1.971547304135144,-2.2817664664780053,-2.155023390875743,-2.222483589439571,-2.2926046800404967,-2.589355215697692,-2.583811669914003
2015-07-15,-2.595543637242573,-2.281272297395087,-2.0014564943568427,-2.141239978266318,-2.1437458180234423,-2.1413359703749792,-2.0810570293404838,-2.1648327761449155,-1.8591215797113276,-2.1517486401236297,-2.0071607673675698,-2.0956088293089823,-2.161562531813073,-2.5071805807941288,-2.5015923210350977
2015-07-16,-2.595543637242573,-2.2811141709402807,-1.941240236330588,-1.9994585036665395,-2.001795888652949,-1.9995378113406117,-1.943192061091085,-2.021493323744725,-1.7359312692534488,-2.0096322672386315,-1.89716109507306,-1.9568156842762563,-2.018437836700376,-2.3933202387131605,-2.387696243968976
2015-07-17,-2.595543637242573,-2.281196262363324,-1.970673342419512,-2.016877381485725,-2.0192228095422933,-2.0169442104320576,-1.9603480842707397,-2.038996362508825,-1.7521031031676673,-2.027049722088704,-1.887370448288033,-1.9740108550852908,-2.035930629144219,-2.448486478611606,-2.4429492114922517
2015-07-20,-2.595543637242573,-2.281179838363537,-1.932441690598963,-1.9312026479744149,-1.933448808403358,-1.931255809688488,-1.877211714523898,-1.9523805585134557,-1.6789297657316655,-1.9411012316724832,-1.83332621138671,-1.8901993235783456,-1.9494373920714243,-2.3907403033768984,-2.384958874960944
2015-07-21,-2.595543637242573,-2.281191740520108,-1.8748644052234664,-1.8150041813965487,-1.8171589056212776,-1.8150535752469616,-1.7643887856728402,-1.8349136762626468,-1.5779984323612677,-1.824296634367492,-1.7030394053756246,-1.7765186679938036,-1.832147233720568,-2.218427108305328,-2.213091987865899
2015-07-22,-2.595543637242573,-2.281469466004359,-1.8266759291153989,-1.7479552321027958,-1.7500152173755377,-1.7479932533971798,-1.6989011230364104,-1.7672210568680258,-1.5184298561045393,-1.7568260430755496,-1.6589068571123045,-1.7106681430364925,-1.7645426505811903,-2.121043090994639,-2.11535905474385
2015-07-23,-2.595543637242573,-2.282328345403282,-1.791141033105102,-1.70985121545796,-1.7118335870654964,-1.7098833106065985,-1.662002718691856,-1.7286245193563945,-1.4865846354095018,-1.7186270449305885,-1.6036936625606868,-1.67349766838594,-1.7260116864972104,-2.074073132157052,-2.0687675745687915
2015-07-24,-2.595543637242573,-2.283322685080679,-1.7626801171969289,-1.6967417837760392,-1.698697772792317,-1.6967656043013577,-1.648964892344612,-1.7154688349093732,-1.4736200915170188,-1.705635273623766,-1.590795255657682,-1.6604240144466906,-1.7128610568511282,-2.05788323130748,-2.0523665161036755
2015-07-27,-2.595543637242573,-2.282838309369787,-1.8208172184023177,-1.870029016466897,-1.872212658330143,-1.8700648090728849,-1.8171753685432104,-1.8907581892316017,-1.6226516769481902,-1.879665389222273,-1.7525087189379411,-1.8298574576954043,-1.8878757211199184,-2.3228588727516533,-2.31740435334757
2015-07-28,-2.595543637242573,-2.283551059294753,-1.819320319372162,-1.8801629970096307,-1.8823261736709995,-1.8801874746165983,-1.8272097336396051,-1.9008836851861444,-1.6325145834028962,-1.889940538230914,-1.7618259575537818,-1.83993105934819,-1.8979975850387647,-2.338845062365515,-2.333308730783085
2015-07-29,-2.595543637242573,-2.283539639631431,-1.872631587451006,-1.9704861257510435,-1.9726704121388872,-1.9704993105793744,-1.914579568757598,-1.992272548584385,-1.7085112794677284,-1.980777271988952,-1.843436843733731,-1.9279535976952145,-1.9892303411677297,-2.4474508424650057,-2.442257620640967
2015-07-30,-2.595543637242573,-2.2834404131651325,-1.8459714243269036,-1.9007689899477536,-1.902838857626886,-1.9007731062810276,-1.8466254157444424,-1.9218368963974977,-1.6473630526353926,-1.9106288211972624,-1.7819559020329572,-1.8595828559699144,-1.918893878015031,-2.3818566637969507,-2.3767112428358783
2015-07-31,-2.595543637242573,-2.283345940478709,-1.7922915533491333,-1.7872065622653823,-1.7891454519360666,-1.787205514099538,-1.7360572564460377,-1.8070786792074824,-1.5486250216834725,-1.796537220057166,-1.6950734517733363,-1.7483515020672502,-1.8043022369386488,-2.1385482448246877,-2.1338822504542727
2015-08-03,-2.595543637242573,-2.283701772401192,-1.739004408122213,-1.693956201073112,-1.6957874576426386,-1.6939518804864089,-1.6453571959760986,-1.7128426156641263,-1.467463771712695,-1.702857686852056,-1.6065511148021216,-1.6570359767505791,-1.7102040206507672,-2.017602360119946,-2.0129521845431344
2015-08-04,-2.595543637242573,-2.284260336506405,-1.692723680265403,-1.6245735524320908,-1.626346843428296,-1.624570026555924,-1.5780234945679412,-1.6427237360884164,-1.407173304687258,-1.633145916628009,-1.521724158042943,-1.589136787885537,-1.6401918318264814,-1.915556515979001,-1.9108679113045663
2015-08-05,-2.595543637242573,-2.277625266574098,-1.6454633699315542,-1.558375062552335,-1.5600460650996062,-1.5584124939505375,-1.5136688805218448,-1.575838478169855,-1.349593764979077,-1.566356021110514,-1.477769246754392,-1.5244282357812258,-1.5734019301926216,-1.877242173919308,-1.8727846049741903
2015-08-06,-2.595543637242573,-2.2776033108356004,-1.6197000510727773,-1.522632669975956,-1.524284483975462,-1.522664987966942,-1.479055376510149,-1.5396706384989207,-1.319218176202276,-1.5304897315010788,-1.4226933943843107,-1.4895212104442552,-1.5372941739953236,-1.7603545480923537,-1.7563431647603742
2015-08-07,-2.595543637242573,-2.2788204184058096,-1.71462561367427,-1.7875735433290514,-1.7894235756165162,-1.787673992369585,-1.7374342513090402,-1.8071775679935107,-1.5553908373608498,-1.7956686769414958,-1.6800639417211227,-1.749642263621159,-1.8044645338375125,-2.001294318980588,-1.9961389530571805
2015-08-10,-2.595543637242573,-2.278971295266326,-1.6695839215372978,-1.708978404508177,-1.710777375522094,-1.709064605555449,-1.6609648376495156,-1.7277826863290937,-1.486165792232968,-1.7170816122502297,-1.622889093429503,-1.672581534010585,-1.7251809673126632,-1.998947677631454,-1.99428991149295
2015-08-11,-2.595543637242573,-2.2794416803809834,-1.7595864281724782,-1.8813004453250524,-1.883271180392397,-1.8813820691849863,-1.8276855336089424,-1.902315333597158,-1.6313107619867486,-1.890530108373564,-1.785165679539096,-1.8404804717490568,-1.899400565624508,-2.2948169293622747,-2.289790374930672
2015-08-12,-2.595543637242573,-2.282058027214605,-1.82172883182606,-2.0096536782227625,-2.0117598414270565,-2.0097276655302565,-1.9526846994931049,-2.03200397604888,-1.743576990650311,-2.019600816912697,-1.881429354635322,-1.966202154776753,-2.0289023856647885,-2.433563946610071,-2.428572369398444
2015-08-13,-2.595543637242573,-2.2821761030655163,-1.7676188299444802,-1.8762364637608435,-1.878241821200698,-1.876294538989877,-1.8231168619149825,-1.897131618948864,-1.62775659218978,-1.885305340828355,-1.780662074904721,-1.835626865522938,-1.894230713159591,-2.286686695928842,-2.2816216531343096
2015-08-14,-2.595543637242573,-2.28260428499315,-1.7165465591732936,-1.7718765700315415,-1.7737792859424586,-1.7719170670438826,-1.7216760103509972,-1.791639979198569,-1.5371188143635175,-1.7810797566762722,-1.66065095331904,-1.7334432665922852,-1.7888927243662702,-2.0547097354267736,-2.04950269666073
2015-08-17,-2.595543637242573,-2.2820337014337477,-1.67554766427405,-1.6876076989599025,-1.689419596142579,-1.6876316758652632,-1.6395718502162864,-1.7064920614098953,-1.4634408138443402,-1.696337661423373,-1.582016898356258,-1.6508516263863802,-1.7038678841950807,-1.9585156477825607,-1.9539990358314667
2015-08-18,-2.595543637242573,-2.281903782411714,-1.6712081426562142,-1.6692480560707057,-1.6710312002255452,-1.669258757127602,-1.6217203160819578,-1.6879106788373344,-1.4479715599239844,-1.6777919740745957,-1.5648323843210847,-1.632895667668423,-1.685318867968797,-1.9520020845031227,-1.9476100278983977
2015-08-19,-2.595543637242573,-2.282764089059381,-1.6404740598176115,-1.6351322214980912,-1.6368428527752548,-1.6351333775471453,-1.5885495698980825,-1.6533826635610755,-1.4191658812941956,-1.6430397711174702,-1.53334972247611,-1.599542946805807,-1.650844392705422,-1.895425244300336,-1.8914336135080567
2015-08-20,-2.595543637242573,-2.284419490624363,-1.6568079745520063,-1.7150642043947464,-1.7168573344095364,-1.7150581208008362,-1.6658519748062628,-1.73432581903178,-1.4866831781957648,-1.7241299038932536,-1.60746650144625,-1.6774528997012117,-1.7316489251780762,-2.020998624942321,-2.017118858360847
2015-08-21,-2.595543637242573,-2.292686869083776,-2.145824841133205,-2.63771761046912,-2.640356575158103,-2.6377074484442096,-2.5631539632478653,-2.6667370137313133,-2.291083828502221,-2.64983155101512,-2.478292234874208,-2.5809196960416085,-2.662698247195986,-2.779475717560521,-2.774047034613669
2015-08-24,-2.6202660008275656,-2.3079909314678675,-2.845859630682603,-3.8696933655737222,-3.873641066283661,-3.869685183245197,-3.760721871467713,-3.9120853467363697,-3.361919299843075,-3.8875169949829775,-3.628483422374882,-3.786825407053916,-3.9061799524762377,-3.627854779151957,-3.620531273597452
2015-08-25,-2.6634325796077496,-2.327832129639235,-3.5637680863022614,-5.062202787297608,-5.06744776284509,-5.062214117327994,-4.920417284727453,-5.1174771885004455,-4.401332715890584,-5.082956218962306,-4.748929674216581,-4.954497417062044,-5.109794667645766,-4.476059263302348,-4.466845828086088
2015-08-26,-2.6634325796077496,-2.3296177281287007,-3.493010846467212,-4.644303602721911,-4.649066511541223,-4.644322253864571,-4.513649025787172,-4.695143990106918,-4.037075485709768,-4.663450135692544,-4.411114254247572,-4.545205545336055,-4.68807376753092,-4.118661005179779,-4.109571357039973
2015-08-27,-2.6634325796077496,-2.3335978639939525,-4.079220505038792,-5.476284463682356,-5.482101385744866,-5.476446546497503,-5.322842884996178,-5.536438207410578,-4.761312598660804,-5.498383332019817,-5.139523640262968,-5.359677942004692,-5.528106030322873,-4.820236687077964,-4.808718198401852
2015-08-28,-2.6634325796077496,-2.335379346689482,-4.186865916558864,-5.323537869324449,-5.329331054086478,-5.323676406953485,-5.174796272591919,-5.382028398902187,-4.627980344398035,-5.345246122986189,-5.056564231191085,-5.21022735458192,-5.37391564281243,-4.8403512553633785,-4.82834655349904
2015-08-31,-2.6634325796077496,-2.335396414884535,-4.06079646296495,-4.748188070601641,-4.753381521634824,-4.748289271868696,-4.615565220163408,-4.800306950008191,-4.126848826694287,-4.767904648496192,-4.4551300618351535,-4.647131729748994,-4.793081746270009,-4.449044446364171,-4.438235892248054
2015-09-01,-2.6634325796077496,-2.3368008589916527,-3.9749721868929737,-4.343072198732499,-4.347884595773711,-4.343159577132444,-4.221870233307724,-4.390791175263071,-3.774599298874312,-4.361414351303793,-4.124361081814225,-4.250723706921264,-4.384166413107431,-4.20215411855532,-4.1913002132606
2015-09-02,-2.6844873196219936,-2.3488462368530145,-4.214392787990554,-4.781922184123935,-4.787323567358752,-4.782005829161264,-4.649228674673497,-4.83427616997391,-4.157252573238137,-4.801250553893016,-4.485917333673758,-4.680703051008886,-4.827020657876344,-4.594503938191824,-4.583556555516744
2015-09-03,-2.6844873196219936,-2.347176309591592,-4.260804934633232,-4.6487456660801865,-4.653914584391546,-4.648836770590092,-4.519363410056113,-4.699641016526246,-4.041233247856876,-4.667592896703093,-4.3619126512779385,-4.550197020347554,-4.692593989967377,-4.577223766531927,-4.5663033432665205
2015-09-04,-2.6844873196219936,-2.347490799415478,-4.131528553381321,-4.163568177664104,-4.168190201600595,-4.1636381508390565,-4.047523062179138,-4.20921061851509,-3.6190753315322906,-4.1804882740431255,-3.896229374136668,-4.075171024246439,-4.202885235826781,-4.271287546501492,-4.260348454555391
2015-09-08,-2.6844873196219936,-2.349004147262153,-4.0734736775535945,-3.9537741157022377,-3.958047547216478,-3.953872124535063,-3.842997059547819,-3.997251533287968,-3.4353047629642157,-3.970105014750672,-3.754524639438755,-3.8694287926630455,-3.9912284673503033,-4.111822947046446,-4.102264234403739
2015-09-09,-2.6844873196219936,-2.352210925877805,-4.21550441450617,-4.207215846891012,-4.211801014075265,-4.207293238491582,-4.089708356666803,-4.253372386051645,-3.656192279959983,-4.22413674574191,-3.989004135092481,-4.11770443270182,-4.246984660359003,-4.3693500647812575,-4.358712280550757
2015-09-10,-2.6844873196219936,-2.3527282883508565,-4.15153216995666,-3.969296937349579,-3.973790790849077,-3.969362130604806,-3.858661890665595,-4.012905259230804,-3.4487778877896305,-3.987667500684136,-3.728783101396784,-3.884832765765221,-4.00684726130881,-4.249540308879023,-4.239755405333288
2015-09-11,-2.6844873196219936,-2.3526604029074925,-4.0436139907215205,-3.596489848112708,-3.6005288728886504,-3.5965264279811144,-3.496160950199211,-3.636014605859864,-3.124537279725697,-3.61279117246126,-3.414772081123115,-3.519867633437458,-3.630572701605356,-4.031517815367603,-4.02166951981166
2015-09-14,-2.6844873196219936,-2.352012141541685,-3.9305672300752255,-3.2424493508125587,-3.2461579135484637,-3.2424738032841285,-3.1521925448918173,-3.278193494259591,-2.816677476573928,-3.2574803346366137,-3.0520193775734765,-3.1733402289433825,-3.273235474850983,-3.751353347819189,-3.741448939892768
2015-09-15,-2.6844873196219936,-2.347164942407167,-3.816880235842149,-2.946237911112837,-2.949609613815919,-2.946309979372173,-2.864001035051623,-2.978825741049842,-2.558893929774253,-2.9590260027077124,-2.7607945719040896,-2.883322532388723,-2.974306300695056,-3.4798168685120463,-3.4703010655124813
2015-09-16,-2.6844873196219936,-2.347661856477877,-3.7636643319251535,-2.853394465421091,-2.8566562971014515,-2.8534481408029824,-2.773582825442999,-2.885015941491685,-2.4771309589453097,-2.865775307604935,-2.7086106714305176,-2.7922995740653844,-2.8806328206648977,-3.45473985915301,-3.445381302895455
2015-09-17,-2.6844873196219936,-2.3465996673286047,-3.672510567359543,-2.644704978379551,-2.647699622972884,-2.644740047537121,-2.5703617047438496,-2.674093865142199,-2.294914542465987,-2.655860549059233,-2.4798628444499635,-2.587847695494355,-2.6700217590165742,-3.276283063855697,-3.267438868941964
2015-09-18,-2.6844873196219936,-2.3441143959674333,-3.5609234531929945,-2.403936706335777,-2.406598850428759,-2.4039430778371838,-2.33599898205881,-2.4307002808324056,-2.085253164507215,-2.4137836723219794,-2.255217097948669,-2.352026999509943,-2.426985996654892,-3.012371835331645,-3.004528125822158
2015-09-21,-2.6844873196219936,-2.3421777461871134,-3.556838822441131,-2.643727591509007,-2.6467612365567263,-2.6437953225073243,-2.5690701841807257,-2.6734259777089835,-2.292129509469319,-2.654938322450218,-2.509094779113907,-2.586417920522592,-2.669307264422443,-3.251297192938836,-3.2427121299197124
2015-09-22,-2.6844873196219936,-2.341939785587256,-3.45132152563363,-2.4124968488209837,-2.4152817980026424,-2.412557025079391,-2.34415672121606,-2.4393699962416324,-2.0925946831304985,-2.4224519218018203,-2.289057963241936,-2.360761155009672,-2.4356486520180765,-3.0282026330929463,-3.0203417106266754
2015-09-23,-2.6844873196219936,-2.345377198254325,-3.436466341919654,-2.548242849995403,-2.551176954542076,-2.5482955933138705,-2.4763547200307987,-2.576526637456,-2.211325091179676,-2.558732671670989,-2.391595936185125,-2.493766508245102,-2.572611963433731,-3.178522565004044,-3.17031042491784
2015-09-24,-2.6844873196219936,-2.344412077805748,-3.332793521063504,-2.334959850000512,-2.337685381411624,-2.335075938303983,-2.268952442309305,-2.361032470075616,-2.025471923658099,-2.3446652088800533,-2.1854864844057573,-2.28482581503456,-2.3574271670148925,-2.9451129742425977,-2.9378957851727083
2015-09-25,-2.6844873196219936,-2.3444620735744737,-3.237801202037328,-2.165451090424432,-2.1679804816480086,-2.1655529649288026,-2.104210140452768,-2.189656231895152,-1.878143666675016,-2.17484073483925,-2.027587987114057,-2.1189142831175083,-2.1863098361403708,-2.768609565895769,-2.762039517157492
2015-09-28,-2.6844873196219936,-2.345488189318036,-3.153800928311616,-2.0809363664921503,-2.0834135726594245,-2.08102820077108,-2.022417583327865,-2.104163881348094,-1.8073818352054056,-2.089739996531832,-1.9481260430892808,-2.036433299190731,-2.100964846170087,-2.6906198460042217,-2.6841838312608224
2015-09-29,-2.790722548589878,-2.356059320851968,-3.460726960670474,-3.203629862275098,-3.207646050537852,-3.2038386587312067,-3.114572600000556,-3.239044824347088,-2.784853849371512,-3.219003236925957,-3.005303263843028,-3.1361455963798672,-3.234160151121317,-3.6723919486181527,-3.6623439727124993
2015-09-30,-2.790722548589878,-2.356525111969612,-3.3579141362900584,-2.9313034896237378,-2.9349263544739004,-2.931485579752781,-2.8496969120922486,-2.9637116807381045,-2.548463142705752,-2.9452996088544947,-2.783393558447009,-2.8694795124626,-2.9592328866370585,-3.4414731389182998,-3.4319811469581696
2015-10-01,-2.790722548589878,-2.3583281387306503,-3.4627804714947903,-3.1854754868373085,-3.189455761853928,-3.185672491388149,-3.097022937938904,-3.220609938527744,-2.769987216537282,-3.200518173737647,-2.9842316243086744,-3.1185500877244263,-3.21576269864191,-3.720372848836373,-3.710301720902301
2015-10-02,-2.790722548589878,-2.35830335689881,-3.358744455722495,-2.8954415406975937,-2.8990701453537726,-2.89564030931718,-2.8150533605325125,-2.927427924983629,-2.517730634761372,-2.9090831276243967,-2.7172211472659287,-2.8345476233623725,-2.9230114904585087,-3.450834721245689,-3.4412080213241727
2015-10-05,-2.790722548589878,-2.359446921888373,-3.377869389127805,-2.9439157390665085,-2.947625793447243,-2.9441313460231493,-2.8623049736376296,-2.976427656334676,-2.560117961293454,-2.958610870226665,-2.761433986246696,-2.8820612138866992,-2.971939662445924,-3.533839741795092,-3.5235325976506444
2015-10-06,-2.790722548589878,-2.3606222656851954,-3.4121168282424232,-3.0436940163462274,-3.047504507835772,-3.0439061398850225,-2.9590333675669385,-3.077376583010994,-2.644637460668957,-3.0584083307177576,-2.856524620235014,-2.97943964220644,-3.072727507276501,-3.645903720766444,-3.636050107909677
2015-10-07,-2.790722548589878,-2.361628013337961,-3.321668132346824,-2.8154758505259165,-2.8190116136103924,-2.8156690360980328,-2.7372854602097827,-2.846592356725301,-2.446645078844361,-2.828336513659605,-2.6408320657968565,-2.7561273287242023,-2.8422965149383104,-3.4395859606598336,-3.430307823036113
2015-10-08,-2.790722548589878,-2.3615355003103624,-3.256589973042275,-2.653384918654382,-2.6566981295171925,-2.6535531818776064,-2.579634855446016,-2.682690017092726,-2.305655198740736,-2.666108866071721,-2.5186762484243355,-2.5974419994680944,-2.6786465895924216,-3.2721459214744537,-3.2633845696753565
2015-10-09,-2.790722548589878,-2.361351322873787,-3.1786051410353275,-2.492459515255821,-2.495513790147452,-2.4926046780524347,-2.422688939363634,-2.520092349080622,-2.1644234022663484,-2.504479210357234,-2.3655336480701985,-2.4395935208896145,-2.5162720193051213,-3.107627590330312,-3.0996472572549854
2015-10-12,-2.790722548589878,-2.361362034040446,-3.084814352914562,-2.2897258634786413,-2.292495285181756,-2.289846977916838,-2.225357287636228,-2.3151298192417067,-1.9881439496773723,-2.300741720225321,-2.173040830568369,-2.241051162850407,-2.311611424632804,-2.906749329073921,-2.89988944084381
